,iji,strain
0,3.9713999999999956,unselected
1,0.7737000000000052,unselected
2,0.3036999999999992,unselected
3,1.211500000000001,unselected
4,0.6051999999999964,unselected
5,23.460100000000004,unselected
6,2.793199999999999,unselected
7,3.9723999999999933,unselected
8,7.774300000000011,unselected
9,6.125999999999991,unselected
10,0.9765000000000015,unselected
11,0.7061000000000064,unselected
12,17.535799999999995,unselected
13,23.0899,unselected
14,7.27000000000001,unselected
15,7.842899999999986,unselected
16,1.178200000000004,unselected
17,0.4035000000000082,unselected
18,1.178200000000004,unselected
19,70.9846,unselected
20,62.36899999999997,unselected
21,0.6727999999999952,unselected
22,0.30260000000004084,unselected
23,0.33689999999995734,unselected
24,0.8413000000000466,unselected
25,0.7070999999999685,unselected
26,5.217199999999991,unselected
27,0.6394999999999982,unselected
28,0.8746000000000436,unselected
29,0.7746999999999957,unselected
30,26.31989999999996,unselected
31,56.781600000000026,unselected
32,44.63040000000001,unselected
34,1.2010000000000005,unselected
35,0.36700000000000443,unselected
36,1.1679999999999993,unselected
39,0.4008999999999787,unselected
40,0.3669999999999618,unselected
41,0.4339999999999691,unselected
42,1.8009000000000697,unselected
44,0.3999999999999986,unselected
45,0.4339999999999975,unselected
46,1.1010000000000062,unselected
47,1.3019999999999996,unselected
48,12.178099999999993,unselected
49,1.2350000000000065,unselected
50,0.3999999999999986,unselected
51,22.656099999999995,unselected
52,1.668999999999997,unselected
53,37.6041,unselected
54,1.1340000000000003,unselected
55,0.40100000000001046,unselected
56,0.9009999999999962,unselected
57,0.5,unselected
58,0.8340000000000032,unselected
59,24.52509999999998,unselected
60,0.4000000000000057,unselected
61,0.3340000000000032,unselected
62,0.5,unselected
63,0.4339999999999975,unselected
65,493.25540000000007,unselected
67,1.469000000000051,unselected
68,2.1680999999999813,unselected
69,0.935100000000034,unselected
70,3.0031000000000176,unselected
71,4.304300000000012,unselected
72,4.037199999999984,unselected
73,0.9679999999999609,unselected
74,1.101099999999974,unselected
75,1.2010000000000218,unselected
76,2.5031999999999925,unselected
77,1.5009999999999764,unselected
79,312.8107,unselected
81,306.9717,unselected
82,0.5,unselected
83,10.109900000000039,unselected
84,3.970999999999947,unselected
85,0.5340000000000487,unselected
86,0.5,unselected
87,5.4728999999999814,unselected
88,3.8700000000000045,unselected
89,48.64859999999999,unselected
90,0.5,unselected
91,14.88190000000003,unselected
92,5.771999999999991,unselected
93,3.8369999999999322,unselected
94,0.50100000000009,unselected
95,0.5339999999999918,unselected
96,0.5339000000000169,unselected
97,4.436999999999898,unselected
98,0.50100000000009,unselected
99,0.5670000000000073,unselected
100,0.5670000000000073,unselected
101,0.6339999999999009,unselected
102,0.50100000000009,unselected
103,0.5,unselected
104,8.875900000000001,unselected
105,1.7679999999999154,unselected
106,0.5339999999999918,unselected
107,0.50100000000009,unselected
108,3.269999999999982,unselected
109,2.6359999999999673,unselected
110,0.5330000000000155,unselected
112,1.4350000000000023,unselected
113,1.2679999999999936,unselected
114,3.3369,unselected
115,2.0690000000000026,unselected
116,1.801000000000002,unselected
117,11.578799999999994,unselected
118,68.2671,unselected
119,72.1711,unselected
120,1.7350000000000136,unselected
121,15.448800000000006,unselected
122,2.501899999999978,unselected
123,1.6690000000000111,unselected
124,0.5999999999999943,unselected
125,1.100999999999999,unselected
126,2.8029999999999973,unselected
127,26.893599999999992,unselected
128,22.455700000000036,unselected
129,0.5,unselected
130,0.5009999999999764,unselected
131,24.123699999999985,unselected
132,21.720700000000022,unselected
133,0.46800000000001774,unselected
134,0.46699999999998454,unselected
135,0.46699999999998454,unselected
136,0.46699999999998454,unselected
137,0.4340000000000259,unselected
138,0.5,unselected
139,0.5009999999999764,unselected
140,0.5339000000000169,unselected
141,0.5670000000000073,unselected
142,0.46699999999998454,unselected
143,0.5670000000000073,unselected
144,18.651800000000037,unselected
145,0.46699999999998454,unselected
146,23.89069999999998,unselected
147,1.4349000000000274,unselected
148,0.46699999999998454,unselected
149,0.8340000000000032,unselected
150,0.6009999999999991,unselected
151,24.823699999999974,unselected
152,25.091700000000003,unselected
153,1.20089999999999,unselected
154,0.6680000000000064,unselected
155,0.9010000000000105,unselected
156,2.1020000000000323,unselected
157,44.71039999999999,unselected
158,0.6339999999999577,unselected
159,0.5340000000000487,unselected
160,0.5339999999999918,unselected
161,0.5670000000000073,unselected
162,0.5669999999999504,unselected
163,0.7340000000000373,unselected
164,0.46699999999998454,unselected
165,0.4340000000000259,unselected
166,20.520699999999977,unselected
167,0.5,unselected
168,0.6340000000000146,unselected
169,0.40100000000001046,unselected
170,0.5,unselected
171,0.5339999999999918,unselected
172,0.46690000000000964,unselected
173,0.5009999999999764,unselected
174,0.8339999999999463,unselected
175,0.5,unselected
176,0.5670000000000073,unselected
177,8.808899999999994,unselected
178,0.8680000000000518,unselected
179,0.5,unselected
180,2.502899999999954,unselected
181,0.43400000000008276,unselected
182,0.5670000000000073,unselected
183,2.5359999999999445,unselected
184,0.5,unselected
185,0.46699999999998454,unselected
186,0.7010000000000218,unselected
187,0.5339999999999918,unselected
188,8.908900000000017,unselected
189,0.4999000000000251,unselected
190,0.46699999999998454,unselected
191,0.7010000000000218,unselected
192,0.8339999999999463,unselected
193,11.010899999999992,unselected
194,0.46699999999998454,unselected
196,0.43299999999999983,unselected
197,8.341899999999999,unselected
198,2.236000000000004,unselected
199,0.9669999999999987,unselected
200,0.46699999999999875,unselected
201,0.46699999999999875,unselected
202,0.5339000000000027,unselected
203,69.8694,unselected
204,0.40099999999999625,unselected
205,0.9339999999999975,unselected
206,0.534000000000006,unselected
207,22.7218,unselected
208,0.5010000000000048,unselected
209,97.6971,unselected
210,0.6669999999999732,unselected
211,0.5340000000000202,unselected
212,0.46699999999998454,unselected
213,0.46700000000001296,unselected
214,0.4339999999999975,unselected
215,0.4000000000000057,unselected
216,19.586799999999982,unselected
217,0.4000000000000057,unselected
218,0.46700000000001296,unselected
219,20.753799999999984,unselected
220,1.100999999999999,unselected
221,1.2010000000000218,unselected
222,0.4679999999999609,unselected
223,0.43300000000004957,unselected
224,1.634999999999991,unselected
225,5.338899999999967,unselected
226,0.6009999999999991,unselected
227,0.4329999999999927,unselected
228,0.5010000000000332,unselected
229,0.5339999999999918,unselected
230,0.39999999999997726,unselected
231,46.4126,unselected
232,0.5010000000000332,unselected
233,1.1680000000000064,unselected
234,0.39999999999997726,unselected
235,0.5,unselected
236,1.7690000000000055,unselected
237,0.4340000000000259,unselected
238,0.46699999999998454,unselected
239,10.643899999999974,unselected
240,0.36700000000001864,unselected
241,2.668900000000008,unselected
242,0.40100000000001046,unselected
243,0.8999999999999773,unselected
244,0.5010000000000332,unselected
245,0.6009999999999991,unselected
246,0.4329999999999927,unselected
247,0.5339999999999918,unselected
248,0.5009999999999764,unselected
249,20.786800000000028,unselected
250,9.909899999999993,unselected
251,0.39999999999997726,unselected
252,2.2030000000000314,unselected
253,35.80169999999998,unselected
254,3.536900000000003,unselected
255,1.4680000000000177,unselected
256,0.700999999999965,unselected
257,1.634999999999991,unselected
258,0.20000000000004547,unselected
259,0.5339999999999918,unselected
260,0.5,unselected
261,0.5679999999999836,unselected
262,89.98920000000004,unselected
263,12.244899999999916,unselected
264,0.43400000000008276,unselected
265,3.6368999999999687,unselected
266,1.5009999999999764,unselected
267,3.2040000000000646,unselected
268,0.46699999999998454,unselected
269,0.46699999999998454,unselected
270,0.5,unselected
271,0.4679999999999609,unselected
272,0.5,unselected
273,0.39999999999997726,unselected
274,0.6009999999999991,unselected
275,2.469000000000051,unselected
276,0.46690000000000964,unselected
277,0.5339999999999918,unselected
278,0.6009999999999991,unselected
279,0.5,unselected
280,0.6009999999999991,unselected
282,15.7828,unselected
283,5.539299999999999,unselected
284,0.6010000000000026,unselected
285,21.6891,unselected
286,0.8010000000000019,unselected
287,1.4010999999999996,unselected
288,59.962999999999994,unselected
289,24.32520000000001,unselected
290,3.971199999999982,unselected
291,0.4340000000000259,unselected
292,21.556099999999986,unselected
293,1.2340000000000089,unselected
294,0.801099999999991,unselected
295,77.0478,unselected
296,46.41530000000003,unselected
297,1.1680999999999813,unselected
298,0.46699999999998454,unselected
299,5.672300000000007,unselected
300,0.46699999999998454,unselected
301,12.780599999999993,unselected
302,0.4670000000000414,unselected
303,7.074399999999969,unselected
304,0.5,unselected
305,0.768100000000004,unselected
306,0.6340000000000146,unselected
307,0.5,unselected
308,0.39999999999997726,unselected
309,14.648799999999994,unselected
310,0.7350000000000136,unselected
311,0.4329999999999927,unselected
312,1.4680999999999926,unselected
313,0.40100000000001046,unselected
314,1.0341000000000236,unselected
315,0.4339999999999691,unselected
316,2.769100000000037,unselected
317,0.5009999999999764,unselected
318,0.4341000000000008,unselected
319,4.0702,unselected
320,0.7010000000000218,unselected
321,11.34559999999999,unselected
322,0.6999999999999886,unselected
323,0.4340000000000259,unselected
324,0.4339999999999691,unselected
325,2.202200000000005,unselected
326,0.4340000000000259,unselected
327,0.867999999999995,unselected
328,0.4329999999999927,unselected
329,0.7341000000000122,unselected
330,0.46699999999998454,unselected
331,0.46800000000001774,unselected
332,1.601099999999974,unselected
333,2.0020999999999844,unselected
334,0.5010000000000332,unselected
335,0.5000999999999749,unselected
336,18.786900000000003,unselected
337,0.46699999999998454,unselected
338,0.5670000000000073,unselected
339,0.6011000000000308,unselected
340,0.4329999999999927,unselected
341,1.3351000000000113,unselected
342,0.46699999999998454,unselected
343,1.6021000000000072,unselected
344,0.4339999999999691,unselected
345,0.33300000000002683,unselected
346,0.46699999999998454,unselected
347,0.5339999999999918,unselected
348,0.4671000000000163,unselected
349,44.6472,unselected
350,95.1327,unselected
351,2.8701999999999543,unselected
352,16.68380000000002,unselected
353,0.4680000000000746,unselected
354,1.368099999999913,unselected
355,0.40000000000009095,unselected
356,0.7669999999999391,unselected
357,0.7010999999999967,unselected
358,0.4339999999999691,unselected
359,0.5339999999999918,unselected
360,0.5,unselected
361,0.4671000000000731,unselected
362,0.4009999999999536,unselected
363,0.46699999999998454,unselected
364,0.5339999999999918,unselected
365,0.5001000000000886,unselected
366,0.5670000000000073,unselected
367,0.5339999999999918,unselected
368,1.5020999999999276,unselected
369,0.66700000000003,unselected
370,0.4009999999999536,unselected
372,0.734,unselected
373,0.8680000000000003,unselected
374,0.8009999999999993,unselected
375,5.338000000000001,unselected
376,32.6659,unselected
377,28.4949,unselected
378,5.840000000000003,unselected
379,0.4329999999999927,unselected
380,55.48880000000001,unselected
381,0.9339999999999975,unselected
382,2.8700000000000045,unselected
383,0.6339999999999861,unselected
384,0.7009999999999934,unselected
385,1.0010000000000048,unselected
386,1.3340000000000032,unselected
387,0.9350000000000023,unselected
388,0.9000000000000057,unselected
389,1.5019999999999811,unselected
392,81.94909999999999,unselected
393,27.19399999999996,unselected
394,19.418999999999983,unselected
396,0.40099999999999625,unselected
397,95.82910000000001,unselected
398,388.28829999999994,unselected
399,13.314000000000078,unselected
400,2.134999999999991,unselected
401,0.9339999999999691,unselected
402,5.80600000000004,unselected
403,14.947999999999979,unselected
405,0.6009999999999991,unselected
406,28.661799999999985,unselected
407,3.8029999999999973,unselected
408,121.82140000000001,unselected
409,0.6009999999999991,unselected
410,18.8519,unselected
411,0.46699999999998454,unselected
412,103.5695,unselected
413,3.603999999999985,unselected
414,131.59730000000002,unselected
415,0.5339999999999918,unselected
416,22.021900000000073,unselected
417,1.5679999999999836,unselected
418,0.8349999999999227,unselected
419,12.544899999999984,unselected
420,2.40300000000002,unselected
421,0.43400000000008276,unselected
422,0.5670000000000073,unselected
423,0.7339999999999236,unselected
425,82.486,unselected
426,14.84869999999998,unselected
427,0.768100000000004,unselected
428,108.94730000000001,unselected
429,0.700999999999965,unselected
430,45.08020000000005,unselected
431,0.46709999999995944,unselected
432,1.1350000000000477,unselected
434,7.308199999999999,unselected
435,0.43400000000000105,unselected
436,4.3042,unselected
437,25.8929,unselected
438,10.945299999999996,unselected
439,3.9702000000000055,unselected
440,0.46699999999999875,unselected
441,0.9349999999999952,unselected
442,0.8010000000000019,unselected
443,1.0341000000000022,unselected
444,0.7340000000000018,unselected
445,0.9009999999999962,unselected
446,0.8340999999999994,unselected
447,1.1340000000000003,unselected
448,1.2680000000000007,unselected
449,2.403099999999995,unselected
450,7.9742999999999995,unselected
451,3.3711000000000126,unselected
452,0.6999999999999886,unselected
453,1.6351000000000084,unselected
454,1.0349999999999966,unselected
455,2.869100000000003,unselected
456,6.9742999999999995,unselected
457,1.634999999999991,unselected
458,0.534000000000006,unselected
459,1.0340999999999951,unselected
460,17.75160000000001,unselected
461,5.372099999999989,unselected
462,9.476400000000012,unselected
463,3.0370999999999952,unselected
464,0.9340000000000117,unselected
465,1.4350999999999772,unselected
466,4.771100000000018,unselected
467,1.3350999999999829,unselected
468,3.7701000000000136,unselected
469,1.367999999999995,unselected
470,0.4341000000000008,unselected
471,1.835000000000008,unselected
472,13.914500000000004,unselected
473,0.5339999999999918,unselected
474,0.8340000000000032,unselected
475,0.9341000000000008,unselected
476,5.639199999999988,unselected
477,49.71860000000001,unselected
478,0.7670999999999992,unselected
480,4.004100000000001,unselected
482,197.8893,unselected
483,0.700000000000017,unselected
484,127.38939999999997,unselected
485,69.733,unselected
486,0.5,unselected
487,52.51770000000005,unselected
488,24.355899999999963,unselected
489,25.390899999999988,unselected
490,38.53730000000007,unselected
492,42.17520000000002,unselected
493,10.277100000000019,unselected
494,62.93029999999999,unselected
495,75.54239999999999,unselected
496,1.8351000000000113,unselected
497,16.516999999999996,unselected
498,31.43119999999999,unselected
499,0.4339999999999691,unselected
500,0.6009999999999991,unselected
501,22.522199999999998,unselected
503,58.7218,unselected
504,49.4132,unselected
505,17.016099999999994,unselected
506,0.568000000000012,unselected
507,0.7668999999999926,unselected
508,0.5670000000000073,unselected
509,50.34819999999999,unselected
510,0.46699999999998454,unselected
511,46.310400000000016,unselected
512,22.821799999999968,unselected
513,3.769800000000032,unselected
514,1.401900000000012,unselected
515,0.5670000000000073,unselected
516,70.767,unselected
517,27.125499999999988,unselected
518,158.54930000000002,unselected
519,17.182999999999993,unselected
520,2.835900000000038,unselected
521,13.112199999999916,unselected
522,0.4010000000000673,unselected
523,0.5,unselected
524,0.5339999999999918,unselected
525,0.633899999999926,unselected
526,4.170800000000099,unselected
528,7.841099999999997,unselected
529,0.5670000000000002,unselected
530,0.3340000000000032,unselected
531,0.5670000000000002,unselected
532,0.40099999999999625,unselected
533,97.33070000000001,unselected
534,0.5339999999999918,unselected
535,6.240100000000012,unselected
536,41.70829999999998,unselected
537,0.5340000000000202,unselected
538,0.46699999999998454,unselected
539,0.5010000000000048,unselected
540,0.5999999999999943,unselected
541,0.4339999999999975,unselected
542,0.5340000000000202,unselected
543,0.46699999999998454,unselected
544,0.5010000000000048,unselected
545,0.532999999999987,unselected
546,0.46800000000001774,unselected
547,0.532999999999987,unselected
548,0.6009999999999991,unselected
549,0.5340000000000202,unselected
550,1.7019999999999982,unselected
551,13.780100000000004,unselected
552,0.39999999999997726,unselected
553,0.46800000000001774,unselected
554,0.532999999999987,unselected
555,0.46800000000001774,unselected
556,0.5330999999999904,unselected
557,0.6009999999999991,unselected
558,1.2349999999999852,unselected
559,0.3329999999999984,unselected
560,0.5010000000000048,unselected
561,0.46700000000001296,unselected
562,0.6339999999999861,unselected
563,0.5670000000000073,unselected
564,1.7019999999999982,unselected
565,0.5999999999999943,unselected
566,0.4339999999999975,unselected
567,0.5670000000000073,unselected
568,0.7350000000000136,unselected
569,18.51819999999998,unselected
570,0.5010000000000048,unselected
571,0.5670000000000073,unselected
572,0.5,unselected
573,0.5339999999999918,unselected
574,0.5010000000000332,unselected
575,0.5329999999999586,unselected
576,0.5010000000000332,unselected
577,0.5670000000000073,unselected
578,0.6009999999999991,unselected
579,0.5,unselected
580,0.5009999999999764,unselected
581,0.5,unselected
582,13.5471,unselected
583,0.4340000000000259,unselected
584,0.5,unselected
585,0.5009999999999764,unselected
586,0.7010000000000218,unselected
587,0.46699999999998454,unselected
588,0.5670000000000073,unselected
589,0.5339999999999918,unselected
590,0.5670000000000073,unselected
591,5.6721,unselected
592,140.47499999999997,unselected
593,4.004099999999994,unselected
594,0.4670000000000414,unselected
595,0.4679999999999609,unselected
596,20.487099999999998,unselected
597,0.5,unselected
598,2.2690000000000055,unselected
599,0.5011000000000081,unselected
600,0.7340000000000373,unselected
601,0.5339999999999918,unselected
602,4.5709999999999695,unselected
603,0.4340000000000259,unselected
604,1.0009999999999764,unselected
605,0.30000000000001137,unselected
606,0.46699999999998454,unselected
607,0.9340000000000259,unselected
608,41.842299999999966,unselected
609,8.675099999999986,unselected
610,1.134999999999991,unselected
611,2.23599999999999,unselected
612,0.40000000000009095,unselected
614,5.738999999999997,tame mouse
615,136.9022,tame mouse
616,100.13340000000002,tame mouse
617,49.448699999999974,tame mouse
621,0.40100000000001046,tame mouse
622,0.5,tame mouse
623,7.407800000000009,tame mouse
625,19.285800000000002,tame mouse
626,1.634999999999998,tame mouse
627,7.140900000000002,tame mouse
628,59.692299999999996,tame mouse
629,22.822800000000015,tame mouse
630,0.46699999999998454,tame mouse
631,0.5339999999999918,tame mouse
632,0.6000000000000227,tame mouse
633,26.459699999999998,tame mouse
634,0.7009999999999934,tame mouse
635,20.853700000000003,tame mouse
636,0.9339999999999975,tame mouse
637,0.3669999999999902,tame mouse
638,0.7009999999999934,tame mouse
639,0.46700000000001296,tame mouse
640,1.134999999999991,tame mouse
641,0.5670000000000073,tame mouse
642,0.5999999999999943,tame mouse
643,0.6009999999999991,tame mouse
644,19.519800000000004,tame mouse
645,30.663600000000002,tame mouse
646,0.6340000000000146,tame mouse
647,0.6670000000000016,tame mouse
648,23.389800000000008,tame mouse
649,0.6338999999999828,tame mouse
650,0.39999999999997726,tame mouse
651,0.9350000000000023,tame mouse
652,0.5330000000000155,tame mouse
653,0.5009999999999764,tame mouse
654,12.545900000000017,tame mouse
655,0.5339999999999918,tame mouse
656,0.4670000000000414,tame mouse
657,0.700999999999965,tame mouse
658,0.66700000000003,tame mouse
659,0.7339000000000055,tame mouse
660,0.6009999999999991,tame mouse
661,0.7669999999999959,tame mouse
662,0.700999999999965,tame mouse
663,97.86290000000002,tame mouse
664,2.468999999999994,tame mouse
665,1.6689999999999827,tame mouse
666,1.600999999999999,tame mouse
667,0.8340000000000032,tame mouse
668,0.40100000000001046,tame mouse
669,15.281799999999976,tame mouse
670,0.5,tame mouse
671,0.5010000000000332,tame mouse
672,0.5,tame mouse
673,0.40100000000001046,tame mouse
674,0.5999999999999659,tame mouse
675,0.36700000000001864,tame mouse
676,0.4339999999999691,tame mouse
677,1.9349000000000274,tame mouse
678,0.36700000000001864,tame mouse
679,0.4009999999999536,tame mouse
680,0.5340000000000487,tame mouse
681,0.4329999999999927,tame mouse
682,22.055799999999977,tame mouse
683,1.9680000000000177,tame mouse
684,19.35269999999997,tame mouse
685,0.5670000000000073,tame mouse
686,0.5010000000000332,tame mouse
687,1.467999999999961,tame mouse
688,0.5339999999999918,tame mouse
689,0.5340000000000487,tame mouse
690,2.3689999999999714,tame mouse
691,1.8349999999999795,tame mouse
692,0.6010000000000559,tame mouse
693,14.546799999999962,tame mouse
694,2.4360000000000355,tame mouse
695,0.5339999999999918,tame mouse
696,0.5339999999999918,tame mouse
697,0.30000000000001137,tame mouse
698,0.4668999999999528,tame mouse
699,0.4340000000000259,tame mouse
700,0.36700000000001864,tame mouse
701,0.3669999999999618,tame mouse
702,2.670000000000016,tame mouse
703,1.367999999999995,tame mouse
704,3.4360000000000355,tame mouse
705,3.970899999999972,tame mouse
706,0.66700000000003,tame mouse
707,11.64489999999995,tame mouse
708,1.5020000000000095,tame mouse
709,1.8349000000000046,tame mouse
710,0.7010000000000218,tame mouse
711,1.0339999999999918,tame mouse
712,0.6009999999999991,tame mouse
713,2.1680000000000064,tame mouse
714,1.6019999999999754,tame mouse
715,0.5670000000000073,tame mouse
716,0.9679999999999609,tame mouse
717,0.3669000000001006,tame mouse
718,0.7339999999999236,tame mouse
719,0.4339999999999691,tame mouse
720,0.5,tame mouse
721,1.3680000000000518,tame mouse
722,2.73599999999999,tame mouse
723,2.036000000000058,tame mouse
724,0.4339999999999691,tame mouse
725,0.5,tame mouse
726,3.1368999999999687,tame mouse
727,0.5670000000000073,tame mouse
728,1.0339999999999918,tame mouse
729,1.5020000000000664,tame mouse
730,0.5329999999999018,tame mouse
731,1.5020000000000664,tame mouse
732,1.2678999999999405,tame mouse
733,0.3670000000000755,tame mouse
734,0.5,tame mouse
735,0.6009999999999991,tame mouse
736,0.9009999999999536,tame mouse
737,0.46699999999998454,tame mouse
738,1.3350000000000364,tame mouse
739,1.268000000000029,tame mouse
740,0.3669999999999618,tame mouse
741,0.8339999999999463,tame mouse
742,15.982799999999997,tame mouse
743,1.2670000000000528,tame mouse
744,1.9360000000000355,tame mouse
745,0.3669999999999618,tame mouse
746,2.2019000000000233,tame mouse
747,0.66700000000003,tame mouse
748,0.4009999999999536,tame mouse
749,0.9669999999999845,tame mouse
750,0.8010000000000446,tame mouse
752,16.1169,tame mouse
753,1.2020000000000017,tame mouse
754,6.906399999999998,tame mouse
755,2.737099999999998,tame mouse
756,0.5,tame mouse
757,13.814800000000005,tame mouse
758,2.436099999999996,tame mouse
759,0.36700000000000443,tame mouse
760,1.1340999999999966,tame mouse
761,0.7340000000000018,tame mouse
762,1.1351000000000013,tame mouse
763,0.5,tame mouse
764,76.98089999999999,tame mouse
765,3.337200000000024,tame mouse
766,20.35409999999999,tame mouse
767,1.068000000000012,tame mouse
768,0.46699999999998454,tame mouse
769,0.5011000000000081,tame mouse
770,0.7669999999999959,tame mouse
771,0.568000000000012,tame mouse
772,20.554099999999977,tame mouse
773,3.60420000000002,tame mouse
774,0.5669999999999789,tame mouse
775,0.36700000000001864,tame mouse
776,14.381799999999998,tame mouse
777,0.3669999999999902,tame mouse
778,0.5010000000000048,tame mouse
779,0.4339999999999975,tame mouse
780,0.6340999999999894,tame mouse
781,0.5,tame mouse
782,0.5670000000000073,tame mouse
783,0.46700000000001296,tame mouse
784,0.568099999999987,tame mouse
785,0.6340000000000146,tame mouse
786,0.5669999999999789,tame mouse
787,0.5671000000000106,tame mouse
788,0.5670000000000073,tame mouse
789,23.42519999999999,tame mouse
790,0.5,tame mouse
791,2.136099999999999,tame mouse
792,0.6341000000000179,tame mouse
793,1.2009999999999934,tame mouse
794,0.5,tame mouse
795,1.869100000000003,tame mouse
796,0.5670999999999822,tame mouse
797,0.5010000000000048,tame mouse
798,38.53999999999999,tame mouse
799,1.4021000000000186,tame mouse
800,0.5330000000000155,tame mouse
801,0.367999999999995,tame mouse
802,2.268100000000004,tame mouse
803,1.0680999999999585,tame mouse
804,0.4340000000000259,tame mouse
805,0.6009999999999991,tame mouse
806,0.7001000000000204,tame mouse
807,47.08339999999998,tame mouse
808,10.944500000000005,tame mouse
809,0.4671000000000163,tame mouse
810,1.0339999999999918,tame mouse
811,0.4339999999999691,tame mouse
812,0.4671000000000163,tame mouse
813,4.438199999999995,tame mouse
814,0.40100000000001046,tame mouse
815,1.6340999999999894,tame mouse
816,0.4340000000000259,tame mouse
817,0.601099999999974,tame mouse
818,0.4340000000000259,tame mouse
819,2.202099999999973,tame mouse
820,0.9340000000000259,tame mouse
821,12.246699999999976,tame mouse
822,35.9708,tame mouse
823,0.4340000000000259,tame mouse
824,0.5670999999999822,tame mouse
825,0.5670000000000073,tame mouse
826,0.6009999999999991,tame mouse
827,1.86809999999997,tame mouse
828,0.5341000000000236,tame mouse
829,0.6009999999999991,tame mouse
830,0.5670000000000073,tame mouse
831,72.77679999999998,tame mouse
832,3.2701000000000136,tame mouse
833,14.414800000000014,tame mouse
834,22.390100000000018,tame mouse
835,1.3351000000000113,tame mouse
836,0.4339999999999691,tame mouse
837,0.5670000000000073,tame mouse
838,0.5000999999999749,tame mouse
839,0.6009999999999991,tame mouse
840,0.5339999999999918,tame mouse
841,0.6340999999999894,tame mouse
842,0.5339999999999918,tame mouse
843,0.5670000000000073,tame mouse
844,0.8341000000000349,tame mouse
845,2.569099999999935,tame mouse
846,0.3670000000000755,tame mouse
847,0.5339999999999918,tame mouse
848,0.7010999999999967,tame mouse
849,5.339200000000005,tame mouse
850,0.5670999999999822,tame mouse
851,0.39999999999997726,tame mouse
852,0.6680000000000064,tame mouse
853,0.3669999999999618,tame mouse
854,0.4331000000000813,tame mouse
855,6.3402999999999565,tame mouse
856,0.39999999999997726,tame mouse
857,0.768100000000004,tame mouse
858,0.6000000000000227,tame mouse
859,0.7680000000000291,tame mouse
860,0.6340999999999894,tame mouse
861,0.6000000000000227,tame mouse
863,1.8349999999999973,tame mouse
864,4.237900000000003,tame mouse
865,0.5669999999999966,tame mouse
866,1.9360000000000035,tame mouse
867,0.3999999999999986,tame mouse
868,0.5670000000000002,tame mouse
869,1.402000000000001,tame mouse
870,0.46699999999999875,tame mouse
871,16.849899999999998,tame mouse
872,0.7010000000000005,tame mouse
873,0.5670000000000002,tame mouse
874,0.4339999999999975,tame mouse
875,0.7340000000000018,tame mouse
876,0.5670000000000002,tame mouse
877,0.3999999999999986,tame mouse
878,0.534000000000006,tame mouse
879,0.5670000000000002,tame mouse
880,0.40099999999999625,tame mouse
881,70.6696,tame mouse
882,0.40099999999998204,tame mouse
883,0.4000000000000057,tame mouse
884,0.3340000000000032,tame mouse
885,5.572000000000003,tame mouse
886,2.169000000000011,tame mouse
887,0.39999999999997726,tame mouse
888,0.6340000000000146,tame mouse
889,21.621800000000007,tame mouse
890,31.06389999999999,tame mouse
891,0.6339999999999861,tame mouse
892,112.87930000000003,tame mouse
893,4.637999999999977,tame mouse
894,76.57560000000001,tame mouse
895,27.560900000000004,tame mouse
896,9.542899999999975,tame mouse
897,1.968999999999994,tame mouse
898,0.5670000000000073,tame mouse
899,2.035000000000025,tame mouse
900,3.5369999999999777,tame mouse
901,0.5680000000000405,tame mouse
902,0.39999999999997726,tame mouse
903,4.070899999999995,tame mouse
904,0.4329999999999927,tame mouse
905,44.61180000000002,tame mouse
906,17.08389999999997,tame mouse
907,3.737000000000023,tame mouse
908,0.5,tame mouse
909,14.881899999999973,tame mouse
910,0.6340000000000146,tame mouse
911,0.39999999999997726,tame mouse
912,1.3680000000000518,tame mouse
913,0.8339999999999463,tame mouse
914,0.3670000000000755,tame mouse
915,0.4009999999999536,tame mouse
916,0.3669999999999618,tame mouse
917,0.3670000000000755,tame mouse
918,0.39999999999997726,tame mouse
919,0.3669999999999618,tame mouse
920,0.3670000000000755,tame mouse
921,0.46699999999998454,tame mouse
922,0.4009999999999536,tame mouse
923,0.4329999999999927,tame mouse
924,0.6009999999999991,tame mouse
925,0.3670000000000755,tame mouse
926,0.46689999999989595,tame mouse
927,20.787900000000036,tame mouse
928,0.8000000000000682,tame mouse
929,0.36799999999993815,tame mouse
930,0.33299999999997,tame mouse
931,0.3670000000000755,tame mouse
932,0.5009999999999764,tame mouse
933,0.3669999999999618,tame mouse
934,1.802000000000021,tame mouse
935,0.6000000000000227,tame mouse
936,0.3669999999999618,tame mouse
937,3.07000000000005,tame mouse
938,12.178899999999999,tame mouse
939,0.39999999999997726,tame mouse
940,0.33399999999994634,tame mouse
941,0.5670000000000073,tame mouse
943,0.36699999999999733,tame mouse
944,24.0582,tame mouse
945,40.542899999999996,tame mouse
946,0.5670000000000073,tame mouse
947,97.5687,tame mouse
948,0.3669999999999902,tame mouse
949,2.336100000000016,tame mouse
950,0.4339999999999975,tame mouse
951,0.39999999999997726,tame mouse
952,327.8767,tame mouse
953,13.747600000000034,tame mouse
954,2.536100000000033,tame mouse
955,10.477499999999964,tame mouse
956,0.33399999999994634,tame mouse
957,17.31790000000001,tame mouse
958,3.8712000000000444,tame mouse
960,14.4557,tame mouse
961,2.8979,tame mouse
962,6.6614,tame mouse
963,0.5670000000000002,tame mouse
964,22.283,tame mouse
965,0.39929999999999666,tame mouse
966,0.40030000000000143,tame mouse
967,0.9993000000000052,tame mouse
968,0.3333999999999975,tame mouse
969,0.3662999999999954,tame mouse
970,1.9646000000000043,tame mouse
971,53.75989999999999,tame mouse
972,0.4662000000000148,tame mouse
973,17.087099999999992,tame mouse
974,0.5670000000000073,tame mouse
975,2.031499999999994,tame mouse
976,0.43319999999999936,tame mouse
977,2.5645000000000095,tame mouse
978,0.39939999999998577,tame mouse
979,0.6328000000000031,tame mouse
980,0.3663999999999987,tame mouse
981,0.4662000000000148,tame mouse
982,15.222399999999993,tame mouse
983,0.532999999999987,tame mouse
984,0.39930000000001087,tame mouse
985,0.3663999999999987,tame mouse
986,0.3662999999999954,tame mouse
987,0.4333000000000027,tame mouse
988,1.1658999999999935,tame mouse
989,0.26660000000001105,tame mouse
990,4.263499999999993,tame mouse
991,6.062399999999997,tame mouse
992,5.5283000000000015,tame mouse
993,1.9327000000000112,tame mouse
994,0.3324000000000069,tame mouse
995,0.4002999999999872,tame mouse
996,0.29949999999999477,tame mouse
997,0.3334000000000117,tame mouse
998,0.39929999999998245,tame mouse
999,0.2995000000000232,tame mouse
1000,0.4002999999999872,tame mouse
1001,0.3334000000000117,tame mouse
1002,0.4661999999999864,tame mouse
1003,0.4661000000000115,tame mouse
1004,0.3663999999999987,tame mouse
1005,0.8993999999999858,tame mouse
1006,4.563000000000017,tame mouse
1007,0.4333000000000027,tame mouse
1008,0.3662999999999954,tame mouse
1009,1.3985999999999876,tame mouse
1010,0.40030000000001564,tame mouse
1011,0.29949999999999477,tame mouse
1012,0.49909999999999854,tame mouse
1013,12.690799999999996,tame mouse
1014,0.43319999999999936,tame mouse
1015,0.099899999999991,tame mouse
1016,0.2994000000000199,tame mouse
1017,0.5999999999999943,tame mouse
1018,0.5988999999999862,tame mouse
1019,0.30049999999999955,tame mouse
1020,0.3324000000000069,tame mouse
1021,0.333500000000015,tame mouse
1022,0.39929999999998245,tame mouse
1023,0.3662999999999954,tame mouse
1024,0.3674000000000035,tame mouse
1025,0.3662999999999954,tame mouse
1026,0.9324000000000012,tame mouse
1027,0.3334000000000117,tame mouse
1028,0.965299999999985,tame mouse
1029,0.3334000000000117,tame mouse
1030,0.26660000000001105,tame mouse
1031,0.3662999999999954,tame mouse
1032,0.3663999999999987,tame mouse
1033,0.8654999999999973,tame mouse
1034,0.4002999999999872,tame mouse
1035,0.3324000000000069,tame mouse
1036,0.3663999999999987,tame mouse
1037,0.3662999999999954,tame mouse
1038,0.3674000000000035,tame mouse
1039,31.642599999999987,tame mouse
1040,1.6650999999999954,tame mouse
1041,0.40030000000001564,tame mouse
1042,0.4662000000000148,tame mouse
1043,3.4968999999999824,tame mouse
1044,0.43319999999999936,tame mouse
1045,0.3663999999999987,tame mouse
1046,0.36630000000002383,tame mouse
1047,0.39929999999998245,tame mouse
1048,0.3674000000000319,tame mouse
1049,2.5973999999999933,tame mouse
1050,0.4002999999999588,tame mouse
1051,0.33250000000003865,tame mouse
1052,0.5329999999999586,tame mouse
1053,0.4333000000000311,tame mouse
1054,0.43319999999999936,tame mouse
1055,0.39929999999998245,tame mouse
1056,0.4662000000000148,tame mouse
1057,0.26650000000000773,tame mouse
1058,0.43329999999997426,tame mouse
1059,0.8994000000000142,tame mouse
1060,43.73349999999999,tame mouse
1061,0.4662000000000148,tame mouse
1062,9.759900000000016,tame mouse
1063,0.466199999999958,tame mouse
1064,0.3663999999999987,tame mouse
1065,0.3993000000000393,tame mouse
1066,11.158399999999972,tame mouse
1067,1.1659999999999968,tame mouse
1068,0.3993000000000393,tame mouse
1069,0.33339999999998327,tame mouse
1070,0.43329999999997426,tame mouse
1071,0.3334000000000401,tame mouse
1072,0.366299999999967,tame mouse
1073,0.39929999999998245,tame mouse
1074,4.196700000000021,tame mouse
1075,4.09680000000003,tame mouse
1076,19.18549999999999,tame mouse
1077,0.5000999999999749,tame mouse
1078,0.39929999999998245,tame mouse
1079,0.40030000000001564,tame mouse
1080,0.3324000000000069,tame mouse
1081,0.40030000000001564,tame mouse
1082,0.39929999999998245,tame mouse
1083,0.43319999999999936,tame mouse
1084,0.2995000000000232,tame mouse
1085,0.3663999999999987,tame mouse
1086,0.5330999999999904,tame mouse
1087,0.3003999999999678,tame mouse
1088,0.36640000000005557,tame mouse
1089,0.6657999999999902,tame mouse
1090,15.921199999999999,tame mouse
1091,1.0989999999999895,tame mouse
1092,0.30049999999999955,tame mouse
1093,0.4322999999999979,tame mouse
1094,0.40030000000001564,tame mouse
1095,0.39929999999998245,tame mouse
1096,0.36630000000002383,tame mouse
1097,0.466199999999958,tame mouse
1098,0.3334000000000401,tame mouse
1099,3.364099999999951,tame mouse
1100,0.5002000000000066,tame mouse
1101,0.4661000000000399,tame mouse
1102,0.466199999999958,tame mouse
1103,0.4992000000000303,tame mouse
1104,0.43319999999999936,tame mouse
1105,0.6329000000000065,tame mouse
1106,3.331199999999967,tame mouse
1107,2.631400000000042,tame mouse
1108,3.9629999999999654,tame mouse
1109,6.862000000000023,tame mouse
1110,0.43329999999997426,tame mouse
1111,0.432200000000023,tame mouse
1112,0.40030000000001564,tame mouse
1113,0.43329999999997426,tame mouse
1114,0.26549999999997453,tame mouse
1115,0.6998000000000388,tame mouse
1116,0.366299999999967,tame mouse
1117,0.3334000000000401,tame mouse
1118,0.43329999999997426,tame mouse
1119,0.5330999999999904,tame mouse
1120,0.3993000000000393,tame mouse
1121,0.4660999999999831,tame mouse
1122,0.43329999999997426,tame mouse
1123,0.36630000000002383,tame mouse
1124,0.333500000000015,tame mouse
1125,0.43219999999996617,tame mouse
1126,0.3663999999999987,tame mouse
1127,0.36630000000002383,tame mouse
1128,0.43329999999997426,tame mouse
1129,14.555499999999995,tame mouse
1130,9.593200000000024,tame mouse
1131,0.2995000000000232,tame mouse
1132,1.1659999999999968,tame mouse
1133,0.366299999999967,tame mouse
1134,0.33339999999998327,tame mouse
1135,0.3663999999999987,tame mouse
1136,12.157700000000034,tame mouse
1137,2.1651999999999703,tame mouse
1138,0.9324000000000296,tame mouse
1139,0.3663999999999987,tame mouse
1140,0.5989000000000146,tame mouse
1141,0.4002999999999588,tame mouse
1142,0.6329000000000065,tame mouse
1143,0.5989999999999895,tame mouse
1144,0.3334000000000401,tame mouse
1145,0.366299999999967,tame mouse
1146,0.3334000000000401,tame mouse
1147,0.8325999999999567,tame mouse
1148,9.392600000000016,tame mouse
1149,2.731200000000001,tame mouse
1150,2.2649999999999864,tame mouse
1151,1.033200000000022,tame mouse
1152,0.5659999999999741,tame mouse
1153,0.4333000000000311,tame mouse
1154,1.7649000000000115,tame mouse
1155,0.366299999999967,tame mouse
1156,1.133100000000013,tame mouse
1157,0.39929999999998245,tame mouse
1158,0.3334000000000401,tame mouse
1159,0.366299999999967,tame mouse
1160,0.5660000000000309,tame mouse
1161,0.33349999999995816,tame mouse
1162,0.5330000000000155,tame mouse
1163,0.7327000000000226,tame mouse
1164,0.5989999999999895,tame mouse
1165,2.765199999999993,tame mouse
1166,0.36630000000002383,tame mouse
1167,0.39929999999998245,tame mouse
1168,3.7305000000000064,tame mouse
1169,0.5000999999999749,tame mouse
1170,0.5660000000000309,tame mouse
1171,0.466199999999958,tame mouse
1172,0.4333000000000311,tame mouse
1173,0.36630000000002383,tame mouse
1174,0.3992999999999256,tame mouse
1175,0.8665000000000873,tame mouse
1176,0.49909999999999854,tame mouse
1177,0.33339999999998327,tame mouse
1178,0.466199999999958,tame mouse
1179,0.29949999999996635,tame mouse
1180,0.40030000000001564,tame mouse
1181,0.3663999999999987,tame mouse
1182,14.588400000000092,tame mouse
1183,0.3663999999999987,tame mouse
1184,1.1000999999999976,tame mouse
1185,0.8324999999999818,tame mouse
1186,0.3324000000000069,tame mouse
1187,0.5001999999999498,tame mouse
1188,0.2665000000000646,tame mouse
1189,0.3323999999998932,tame mouse
1190,0.3663999999999987,tame mouse
1191,0.3673000000000002,tame mouse
1192,0.3993000000000393,tame mouse
1193,1.1321000000000367,tame mouse
1194,0.4331999999999425,tame mouse
1195,0.3663999999999987,tame mouse
1196,0.4332000000000562,tame mouse
1197,0.4331999999999425,tame mouse
1198,0.7327999999999975,tame mouse
1199,0.36630000000002383,tame mouse
1200,0.3993000000000393,tame mouse
1201,0.3663999999999987,tame mouse
1202,0.4331999999999425,tame mouse
1203,0.29950000000008004,tame mouse
1204,0.466199999999958,tame mouse
1205,0.40030000000001564,tame mouse
1206,0.29949999999996635,tame mouse
1208,0.43400000000000016,tame mouse
1209,6.172899999999999,tame mouse
1210,0.40000000000000036,tame mouse
1211,0.4339999999999993,tame mouse
1212,0.43400000000000105,tame mouse
1213,14.046800000000001,tame mouse
1214,2.3359999999999985,tame mouse
1215,8.207900000000002,tame mouse
1216,12.712800000000001,tame mouse
1217,1.600999999999999,tame mouse
1218,1.8689999999999998,tame mouse
1219,2.501899999999999,tame mouse
1220,0.5009999999999977,tame mouse
1221,0.9339999999999975,tame mouse
1222,0.6340000000000003,tame mouse
1223,22.5227,tame mouse
1224,0.46699999999999875,tame mouse
1225,1.1340000000000003,tame mouse
1226,42.8094,tame mouse
1227,0.534000000000006,tame mouse
1228,7.039899999999989,tame mouse
1229,19.919700000000006,tame mouse
1230,28.928600000000017,tame mouse
1231,0.4339999999999975,tame mouse
1232,3.802899999999994,tame mouse
1233,14.547799999999995,tame mouse
1234,5.171999999999997,tame mouse
1235,0.4000000000000057,tame mouse
1236,1.9688999999999908,tame mouse
1237,1.1680000000000064,tame mouse
1238,0.3669999999999902,tame mouse
1239,0.36700000000001864,tame mouse
1240,0.6009999999999991,tame mouse
1241,0.5,tame mouse
1242,2.835899999999981,tame mouse
1243,23.423700000000025,tame mouse
1244,0.4329999999999927,tame mouse
1245,0.367999999999995,tame mouse
1246,0.5670000000000073,tame mouse
1247,0.4339999999999975,tame mouse
1248,13.445799999999991,tame mouse
1249,0.40100000000001046,tame mouse
1250,0.4000000000000057,tame mouse
1251,0.39999999999997726,tame mouse
1252,0.3680000000000234,tame mouse
1253,0.39999999999997726,tame mouse
1254,0.30000000000001137,tame mouse
1255,0.3340000000000032,tame mouse
1256,6.372899999999987,tame mouse
1257,0.3340000000000032,tame mouse
1258,0.36700000000001864,tame mouse
1259,0.39999999999997726,tame mouse
1260,0.36700000000001864,tame mouse
1261,0.36700000000001864,tame mouse
1262,0.39999999999997726,tame mouse
1263,47.68130000000002,tame mouse
1264,0.5,tame mouse
1265,17.51769999999999,tame mouse
1266,0.46699999999998454,tame mouse
1267,0.5670000000000073,tame mouse
1268,0.46699999999998454,tame mouse
1269,0.5010000000000332,tame mouse
1270,0.39999999999997726,tame mouse
1271,2.636000000000024,tame mouse
1272,0.39999999999997726,tame mouse
1273,0.36700000000001864,tame mouse
1274,0.3669999999999618,tame mouse
1275,0.40100000000001046,tame mouse
1276,0.39999999999997726,tame mouse
1277,0.433900000000051,tame mouse
1278,0.3669999999999618,tame mouse
1279,0.4000000000000341,tame mouse
1280,70.87009999999998,tame mouse
1281,0.4338999999999942,tame mouse
1282,0.5670000000000073,tame mouse
1283,0.2669999999999959,tame mouse
1284,0.3340000000000032,tame mouse
1285,0.46699999999998454,tame mouse
1286,0.5,tame mouse
1287,0.4340000000000259,tame mouse
1288,0.40100000000001046,tame mouse
1289,0.5,tame mouse
1290,0.4339999999999691,tame mouse
1291,1.0010000000000332,tame mouse
1292,4.770899999999983,tame mouse
1293,8.808899999999994,tame mouse
1294,0.36700000000001864,tame mouse
1295,0.3669999999999618,tame mouse
1296,8.608900000000006,tame mouse
1297,22.98860000000002,tame mouse
1298,22.822699999999998,tame mouse
1299,0.5009999999999764,tame mouse
1300,0.36700000000001864,tame mouse
1301,0.3340000000000032,tame mouse
1302,0.36700000000001864,tame mouse
1303,0.46699999999998454,tame mouse
1304,0.33299999999997,tame mouse
1305,0.4670000000000414,tame mouse
1306,0.40100000000001046,tame mouse
1307,0.5,tame mouse
1308,0.4009999999999536,tame mouse
1309,0.5,tame mouse
1310,44.811300000000074,tame mouse
1311,0.46699999999998454,tame mouse
1312,0.46699999999998454,tame mouse
1313,0.5670000000000073,tame mouse
1314,0.9349999999999454,tame mouse
1315,0.39999999999997726,tame mouse
1316,0.40000000000009095,tame mouse
1317,0.4339999999999691,tame mouse
1318,0.5339999999999918,tame mouse
1319,15.314799999999991,tame mouse
1320,0.4339999999999691,tame mouse
1322,0.43300000000002115,tame mouse
1323,26.39349999999999,tame mouse
1324,15.314699999999988,tame mouse
1325,2.134900000000016,tame mouse
1326,0.3340000000000032,tame mouse
1327,0.4000000000000057,tame mouse
1328,0.40099999999998204,tame mouse
1329,0.3669999999999902,tame mouse
1330,0.46700000000001296,tame mouse
1331,5.3049000000000035,tame mouse
1332,0.4339999999999975,tame mouse
1333,0.4339999999999975,tame mouse
1334,0.4000000000000057,tame mouse
1335,169.1997,tame mouse
1336,42.74119999999999,tame mouse
1337,0.5679999999999836,tame mouse
1338,0.6340000000000146,tame mouse
1339,6.005800000000022,tame mouse
1340,0.3669999999999618,tame mouse
1341,0.36700000000001864,tame mouse
1342,0.4339999999999691,tame mouse
1343,0.36700000000001864,tame mouse
1344,0.33300000000002683,tame mouse
1345,0.3340000000000032,tame mouse
1346,30.06239999999997,tame mouse
1347,1.2010000000000218,tame mouse
1348,16.449700000000007,tame mouse
1349,0.3340000000000032,tame mouse
1350,0.3669999999999618,tame mouse
1351,0.36700000000001864,tame mouse
1352,0.33389999999997144,tame mouse
1353,0.33300000000002683,tame mouse
1354,0.36700000000001864,tame mouse
1355,6.206899999999962,tame mouse
1356,0.5,tame mouse
1357,0.4340000000000259,tame mouse
1358,0.39999999999997726,tame mouse
1359,13.279699999999991,tame mouse
1360,7.00690000000003,tame mouse
1361,0.46699999999998454,tame mouse
1362,0.5010000000000332,tame mouse
1363,0.700999999999965,tame mouse
1364,0.4000000000000341,tame mouse
1365,0.5338999999999601,tame mouse
1366,0.4340000000000259,tame mouse
1367,0.4329999999999927,tame mouse
1368,0.36700000000001864,tame mouse
1369,0.3669999999999618,tame mouse
1370,0.4340000000000259,tame mouse
1371,0.4339999999999691,tame mouse
1372,0.39999999999997726,tame mouse
1373,3.4699000000000524,tame mouse
1374,0.4009999999999536,tame mouse
1375,0.40000000000009095,tame mouse
1376,0.4339999999999691,tame mouse
1377,1.3679999999999382,tame mouse
1378,0.40000000000009095,tame mouse
1379,0.5339999999999918,tame mouse
1380,0.4008999999999787,tame mouse
1381,0.3669999999999618,tame mouse
1382,0.3670000000000755,tame mouse
1383,0.4339999999999691,tame mouse
1384,0.5330000000000155,tame mouse
1385,0.4009999999999536,tame mouse
1386,2.9688999999999623,tame mouse
1387,0.30100000000004457,tame mouse
1388,2.0019999999999527,tame mouse
1389,0.43400000000008276,tame mouse
1390,0.33299999999997,tame mouse
1391,0.4009999999999536,tame mouse
1392,0.3330000000000837,tame mouse
1393,3.2368999999999915,tame mouse
1394,0.46699999999998454,tame mouse
1395,1.90199999999993,tame mouse
1396,0.6009999999999991,tame mouse
1397,8.073800000000006,tame mouse
1398,0.4670000000000982,tame mouse
1399,0.3669999999999618,tame mouse
1400,0.033999999999991815,tame mouse
1401,0.3669999999999618,tame mouse
