,notes,principal_freq,slope,dur
1071,tickling,0.65383,3.085,0.07350000000000989
1072,tickling,0.3122,-2.3989e-15,0.05910000000000082
1073,tickling,12.0248,-144.7439,0.03829999999999245
1075,tickling,10.0472,-65.885,0.13420000000000698
1076,tickling,2.8754,-60.5867,0.07189999999999941
1077,tickling,7.0005,29.6606,0.08140000000000214
1079,tickling,5.6919,1.7814,0.1453999999999951
1080,tickling,6.237,-67.7798,0.07669999999998822
1081,tickling,6.0177,-28.8945,0.07669999999998822
1082,tickling,4.8828,-19.1679,0.08629999999999427
1093,tickling,4.9031,46.8444,0.07980000000000587
1100,tickling,4.5438,19.2097,0.0911000000000115
1150,tickling,11.0195,-56.9723,0.06389999999998963
1152,tickling,10.6577,8.1291,0.08789999999999054
1155,tickling,8.0748,-128.8705,0.08140000000003056
1157,tickling,0.40482,-54.2194,0.05750000000000455
1159,tickling,0.3122,7.0799e-17,0.09909999999996444
1231,tickling,6.2333,-180.2837,0.027200000000007662
1233,tickling,7.2209,-117.9873,0.043099999999995475
1234,tickling,0.3122,-170.2666,0.055899999999994066
1235,tickling,4.6738,3.3558,0.0671000000000106
1236,tickling,14.6827,-4.0087,0.043100000000009686
1243,tickling,0.3122,2.3634,0.054299999999983584
1246,tickling,0.3122,2.5463e-16,0.07989999999998076
1247,tickling,7.6282,-13.1745,0.043100000000009686
1256,tickling,9.3935,35.1689,0.03350000000000364
1258,tickling,8.8614,25.6052,0.04470000000000596
1265,tickling,14.8697,120.0927,0.03999999999999204
1267,tickling,11.8339,40.509,0.06229999999999336
1268,tickling,10.64,-40.6267,0.06069999999999709
1299,tickling,14.3743,-3.1608,0.03350000000000364
1301,tickling,10.6324,-251.5016,0.03190000000000737
1312,tickling,13.9076,-465.5313,0.01120000000000232
2142,tickling,6.0397,-50.7323,0.07989999999999498
2143,tickling,5.9647,0.88462,0.06550000000000011
2144,tickling,4.2122,-67.2881,0.0911000000000115
2145,tickling,5.2318,-28.1578,0.0782999999999987
2146,tickling,4.8298,-39.7421,0.05750000000000455
2147,tickling,5.4556,-64.0004,0.03990000000000293
2148,tickling,3.1356,-18.378,0.0496000000000123
2149,tickling,4.7641,75.4616,0.04799999999998761
2150,tickling,5.1268,-86.9775,0.05270000000000152
2151,tickling,8.0231,-36.1484,0.06080000000000041
2152,tickling,4.2563,-159.3294,0.05270000000000152
2153,tickling,5.4075,34.0073,0.08150000000000546
2154,tickling,6.5022,-23.2435,0.10070000000000334
2155,tickling,6.4912,16.7949,0.07989999999999498
2156,tickling,7.016,-66.4368,0.07670000000000243
2157,tickling,4.3707,-20.0996,0.05110000000000525
2158,tickling,4.7626,73.0045,0.07189999999999941
2159,tickling,8.0721,15.3233,0.12300000000000466
2160,tickling,6.2838,-58.9623,0.05109999999999104
2161,tickling,1.7658,-34.8804,0.05750000000000455
2162,tickling,4.0442,-26.7502,0.08150000000000546
2163,tickling,6.3796,2.1679,0.08950000000000102
2164,tickling,5.8256,-7.365,0.07989999999999498
2165,tickling,5.4206,-13.8173,0.08950000000000102
2166,tickling,8.1621,-53.7742,0.07979999999999166
2167,tickling,4.7035,-124.5844,0.06230000000000757
2168,tickling,5.8538,10.8856,0.084699999999998
2169,tickling,7.1282,11.3681,0.10859999999999559
2170,tickling,5.0197,3.6382,0.08310000000000173
2171,tickling,4.3707,-44.2179,0.03520000000000323
2172,tickling,0.3122,-26.2268,0.03830000000002087
2173,tickling,7.8222,21.4659,0.06870000000000687
2174,tickling,0.93659,-112.1587,0.04630000000000223
2175,tickling,1.9658,-49.5061,0.0654999999999859
2176,tickling,4.746,-6.259,0.05910000000000082
2177,tickling,5.6638,-57.99,0.07510000000002037
2178,tickling,4.7439,-9.617,0.11180000000001655
2179,tickling,5.6157,12.0631,0.09909999999999286
2180,tickling,3.8183,-7.4143,0.055899999999979855
2181,tickling,1.947,-46.6466,0.07349999999999568
2182,tickling,1.6218,-17.1139,0.05750000000000455
2183,tickling,5.2799,-70.2932,0.08629999999999427
2184,tickling,5.9592,-88.1924,0.07030000000000314
2185,tickling,4.5562,5.201,0.12620000000001141
2186,tickling,0.401,-94.5106,0.06390000000001805
2187,tickling,4.8013,2.8932,0.11979999999999791
2188,tickling,5.6417,13.3061,0.11660000000000537
2189,tickling,5.8544,-31.1461,0.05750000000000455
2190,tickling,5.6195,-120.7283,0.03669999999999618
2191,tickling,4.7634,-76.5153,0.06550000000001432
2192,tickling,3.7538,-25.3037,0.06069999999999709
2193,tickling,5.2826,-12.0689,0.09420000000000073
2194,tickling,4.5866,-4.7243,0.126199999999983
2195,tickling,4.6185,10.5277,0.09260000000000446
2196,tickling,7.2507,4.6283,0.1103000000000236
2197,tickling,4.54,-7.2459,0.07990000000000919
2198,tickling,4.6738,-41.7916,0.06389999999998963
2199,tickling,5.5396,-4.2447,0.14209999999999923
2200,tickling,4.0585,-23.3098,0.10070000000001755
2201,tickling,4.7111,-0.16013,0.10389999999998167
2202,tickling,5.9592,-76.0055,0.08949999999998681
2203,tickling,5.9712,-15.1327,0.2044999999999959
2204,tickling,4.4251,-28.1687,0.084699999999998
2205,tickling,0.3122,-65.2554,0.041500000000013415
2206,tickling,0.33335,19.1614,0.05750000000000455
2207,tickling,4.6829,-79.2875,0.0782999999999845
2208,tickling,4.0585,-46.0608,0.09590000000000032
2209,tickling,4.0832,-13.8988,0.08310000000000173
2210,tickling,4.8951,-0.60905,0.055900000000008276
2211,tickling,4.5583,-36.4351,0.08310000000000173
2212,tickling,4.2486,-35.9987,0.14379999999999882
2213,tickling,4.914,-14.0686,0.14060000000000628
2214,tickling,2.8708,-34.6593,0.09909999999999286
2215,tickling,4.8109,-33.7295,0.1325999999999965
2216,tickling,6.8332,-67.1309,0.12299999999999045
2217,tickling,3.5074,-47.051,0.1103000000000236
2218,tickling,5.9121,-35.6836,0.08630000000002269
2219,tickling,4.5119,-10.8395,0.057499999999976126
2220,tickling,6.1587,-23.5093,0.15819999999999368
2221,tickling,6.131,-7.9484,0.09430000000000405
2222,tickling,4.6688,-18.4061,0.13419999999999277
2223,tickling,5.0409,-50.9817,0.08789999999999054
2224,tickling,5.5899,-38.1783,0.10699999999999932
2225,tickling,6.4435,-54.6447,0.06870000000000687
2226,tickling,5.8037,-13.343,0.1518000000000086
2227,tickling,4.3835,-15.5777,0.14699999999999136
2228,tickling,5.4584,-23.2768,0.16610000000000014
2229,tickling,6.246,-59.8876,0.07029999999997472
2230,tickling,5.3097,-29.4603,0.07509999999996353
2231,tickling,0.3122,-2.5489e-16,0.05440000000004375
2232,tickling,5.3404,17.755,0.05910000000000082
2234,tickling,0.37723,-60.6265,0.06869999999997844
2235,tickling,4.6829,108.2927,0.044699999999977535
2236,tickling,0.34136,1.6018,0.07349999999996726
2237,tickling,3.2192,-15.7931,0.07990000000000919
2239,tickling,4.0209,-68.0416,0.07829999999995607
2240,tickling,6.1751,-71.5468,0.07670000000001664
2241,tickling,4.7096,-54.9374,0.09100000000000819
2242,tickling,4.9415,7.1305,0.08629999999999427
2243,tickling,5.4202,-12.8751,0.12779999999997926
2244,tickling,4.2412,-43.7223,0.1038000000000352
2245,tickling,0.3122,-7.9413,0.06709999999998217
2246,tickling,3.7463,-10.4488,0.07819999999998117
2247,tickling,0.3122,-4.2816,0.05600000000004002
2248,tickling,0.37332,-6.9254,0.12620000000003984
2249,tickling,3.8172,-0.75334,0.2044999999999959
2250,tickling,4.5134,9.8625,0.15499999999997272
2251,tickling,4.3266,23.7173,0.06709999999998217
2252,tickling,4.84,33.0311,0.13419999999996435
2253,tickling,4.31,1.4999,0.09750000000002501
2254,tickling,4.8255,-19.5293,0.13269999999999982
2255,tickling,4.9581,27.7271,0.09110000000003993
2258,tickling,5.3209,-8.1507,0.11019999999996344
2259,tickling,1.711,-29.0297,0.09430000000003247
2260,tickling,0.3122,6.7711e-16,0.0735000000000241
2261,tickling,4.8257,-1.2665,0.07349999999996726
2264,tickling,5.7067,-32.1229,0.10379999999997835
2265,tickling,4.7554,-9.9327,0.12149999999996908
2266,tickling,4.5047,-7.8008,0.07670000000001664
2267,tickling,2.6833,-31.5873,0.12459999999998672
2268,tickling,0.3122,-120.3022,0.05110000000001946
2269,tickling,4.6352,-16.7805,0.10230000000001382
2270,tickling,5.0588,-31.6874,0.0958999999999719
2271,tickling,4.8468,-19.8044,0.08149999999994861
2272,tickling,5.1751,21.315,0.07670000000001664
2273,tickling,5.6699,2.44,0.08789999999999054
2274,tickling,4.8453,5.6808,0.1342000000000212
2275,tickling,4.1013,-16.4501,0.13579999999996062
2277,tickling,4.722,-23.1858,0.09750000000002501
2278,tickling,5.1269,-122.0221,0.06389999999998963
2279,tickling,4.4883,-28.7488,0.055900000000008276
2280,tickling,3.8563,31.5984,0.04470000000003438
2281,tickling,4.3087,-30.3764,0.07190000000002783
2282,tickling,2.2382,-25.3465,0.10710000000000264
2283,tickling,1.2488,23.855,0.031999999999982265
2284,tickling,0.3122,-45.0274,0.03989999999998872
2285,tickling,0.3122,-29.5429,0.03520000000003165
2286,tickling,6.012,-39.6442,0.08150000000000546
2287,tickling,5.3747,-48.6344,0.07670000000001664
2288,tickling,2.6537,5.6731,0.044699999999977535
2289,tickling,4.1941,22.6875,0.04149999999998499
2290,tickling,1.7304,-34.7586,0.08950000000004366
2291,tickling,0.3122,12.0251,0.03839999999996735
2292,tickling,0.3122,-12.1171,0.07830000000001291
2293,tickling,2.1854,-129.6491,0.03680000000002792
2294,tickling,4.9951,-121.5428,0.05910000000000082
2295,tickling,5.3418,50.8007,0.07830000000001291
2296,tickling,4.2146,23.6118,0.09109999999998308
2297,tickling,0.73868,-14.4123,0.07179999999999609
2298,tickling,4.8763,-5.2949,0.07829999999995607
2299,tickling,4.1285,7.8334,0.0765999999999849
2300,tickling,3.9918,-0.085609,0.07670000000001664
2301,tickling,3.8345,-28.7258,0.07829999999995607
2302,tickling,4.1143,3.0451,0.10540000000003147
2303,tickling,2.6117,-20.0114,0.057499999999947704
2304,tickling,5.6195,12.8705,0.09910000000002128
2305,tickling,2.795,-25.0773,0.09109999999998308
2306,tickling,4.4676,6.2479,0.07030000000003156
2307,tickling,2.9989,-19.2475,0.08629999999999427
2308,tickling,8.2331,10.2468,0.11349999999998772
2310,tickling,2.8725,-36.6132,0.08789999999999054
2311,tickling,5.1878,33.2155,0.07510000000002037
2312,tickling,9.18,91.463,0.11820000000000164
2313,tickling,5.6023,-59.088,0.08629999999999427
2314,tickling,6.6519,-7.8905,0.11019999999996344
2315,tickling,1.7815,-21.7417,0.09740000000005011
2316,tickling,5.5071,-14.5886,0.13580000000001746
2317,tickling,5.8479,-16.247,0.09100000000000819
2318,tickling,5.4173,56.1629,0.0735000000000241
2319,tickling,4.5124,-42.1283,0.10219999999998208
2320,tickling,7.1147,-18.9678,0.07990000000000919
2321,tickling,5.9554,-17.7103,0.1198999999999728
2322,tickling,4.7533,-28.122,0.11340000000001282
2323,tickling,5.7168,56.6718,0.0958999999999719
2324,tickling,6.2616,-22.4658,0.07830000000001291
2325,tickling,8.5137,57.0809,0.13740000000001373
2326,tickling,4.3264,-53.1466,0.05910000000000082
2327,tickling,5.0931,-5.5413,0.09740000000005011
2328,tickling,6.0466,-60.1318,0.055900000000008276
2329,tickling,4.2587,13.3666,0.0958999999999719
2330,tickling,3.6504,-14.1361,0.06709999999998217
2331,tickling,5.155,-77.5052,0.10070000000001755
2332,tickling,5.7838,-6.1459,0.10710000000000264
2333,tickling,5.1992,-35.7,0.08940000000001191
2334,tickling,5.8328,13.5009,0.13579999999996062
2336,tickling,4.354,-55.227,0.0735000000000241
2337,tickling,7.2291,-20.9775,0.11340000000001282
2338,tickling,4.1479,-40.5797,0.06870000000003529
2339,tickling,4.5881,3.9103,0.05750000000000455
2340,tickling,3.7352,-50.5111,0.06069999999999709
2341,tickling,3.4706,-57.8865,0.09910000000002128
2342,tickling,0.4585,-20.3325,0.04959999999999809
2343,tickling,0.62439,13.4229,0.043099999999981264
2344,tickling,6.2439,42.3498,0.06869999999997844
2345,tickling,2.3741,50.2292,0.06229999999999336
2346,tickling,0.78049,-97.1693,0.04310000000003811
2347,tickling,6.3542,-18.2125,0.08620000000001937
2348,tickling,5.2069,-27.8158,0.15020000000004075
2349,tickling,5.2821,-14.6894,0.2348999999999819
2350,tickling,4.5318,3.0947,0.09429999999997563
2351,tickling,5.6562,0.19565,0.11660000000000537
2352,tickling,4.7544,10.2358,0.11340000000001282
2353,tickling,4.3707,-4.2307,0.07830000000001291
2354,tickling,5.0581,13.911,0.16449999999997544
2355,tickling,6.2343,6.6705,0.05109999999999815
2356,tickling,5.2211,7.7931,0.10709999999998843
2357,tickling,3.7475,8.2907,0.0478999999999985
2358,tickling,4.8231,20.4239,0.07990000000000919
2359,tickling,4.4643,15.8711,0.07989999999999498
2360,tickling,5.9239,-2.3102,0.044699999999991746
2361,tickling,4.5387,14.0964,0.12150000000001171
2362,tickling,1.7681,-58.7299,0.05109999999999104
2364,tickling,4.4303,21.5253,0.055900000000008276
2365,tickling,8.6003,29.5772,0.14700000000000557
2366,tickling,5.5292,-34.3946,0.08150000000000546
2367,tickling,4.5573,-4.7452,0.06550000000000011
2368,tickling,5.2376,-1.6219,0.06069999999999709
2369,tickling,3.2536,-27.4956,0.07670000000000243
2370,tickling,7.7318,-6.8218,0.0910999999999973
2371,tickling,3.7307,-10.1486,0.09590000000000032
2372,tickling,5.3754,22.118,0.11179999999998813
2373,tickling,6.1843,-3.7884,0.11499999999999488
2374,tickling,5.5625,36.0895,0.07029999999998893
2375,tickling,5.8972,-59.9898,0.11029999999999518
2376,tickling,4.3795,-6.9179,0.11339999999999861
2377,tickling,5.9724,-33.5872,0.08310000000000173
2378,tickling,5.8061,-68.2618,0.03990000000000293
2379,tickling,7.4929,4.6645,0.084699999999998
2380,tickling,6.2988,13.2722,0.08630000000000848
2381,tickling,5.0718,-24.1013,0.09749999999999659
2382,tickling,5.9317,-101.7626,0.03829999999999245
2383,tickling,6.9672,-67.0632,0.08630000000000848
2384,tickling,3.0169,-11.0017,0.07030000000000314
2385,tickling,4.7219,-14.0179,0.12940000000000396
2386,tickling,3.9024,-55.51,0.043100000000009686
2387,tickling,3.1004,16.2457,0.06870000000000687
2388,tickling,4.2068,0.4868,0.0478999999999985
2389,tickling,5.2901,-2.3242,0.07499999999998863
2390,tickling,4.0671,-6.1235,0.10550000000000637
2391,tickling,4.2196,-3.9082,0.03829999999999245
2392,tickling,0.98692,2.3358,0.10869999999999891
2393,tickling,4.2158,-54.8009,0.07189999999999941
2394,tickling,0.3122,9.4265,0.06389999999998963
2395,tickling,4.1637,49.8265,0.06709999999998217
2396,tickling,4.0881,-16.5244,0.09420000000000073
2397,tickling,0.75015,-19.9002,0.08310000000000173
2398,tickling,1.5172,7.5114,0.084699999999998
2399,tickling,1.65,-1.6648,0.05110000000001946
2400,tickling,0.41584,-17.3089,0.06870000000000687
2401,tickling,4.995,8.0961,0.052700000000015734
2402,tickling,3.5868,-26.9352,0.0782999999999845
2403,tickling,5.6263,3.4787,0.11349999999998772
2404,tickling,6.1438,-0.096904,0.08310000000000173
2405,tickling,4.844,-39.982,0.09739999999999327
2406,tickling,4.9497,2.4261,0.1710000000000207
2407,tickling,5.249,-9.6927,0.095799999999997
2408,tickling,0.59303,-92.3164,0.04800000000000182
2409,tickling,0.83902,-10.1208,0.07349999999999568
2410,tickling,2.1052,-22.0675,0.08940000000001191
2411,tickling,4.0585,10.4588,0.043099999999981264
2412,tickling,5.5007,-17.1351,0.09430000000000405
2413,tickling,4.5824,-74.1391,0.055899999999979855
2414,tickling,6.7818,21.688,0.06229999999999336
2415,tickling,4.3164,11.9273,0.08629999999999427
2416,tickling,2.4547,16.3863,0.05910000000000082
2417,tickling,4.1757,38.0445,0.06080000000000041
2418,tickling,2.0496,14.1099,0.06230000000002178
2419,tickling,1.9669,-38.3831,0.08310000000000173
2420,tickling,0.3122,2.3062e-15,0.05269999999998731
2421,tickling,4.8062,-91.9066,0.07030000000000314
2422,tickling,4.8824,92.2135,0.07349999999999568
2423,tickling,1.7719,-25.3298,0.07989999999998076
2424,tickling,7.8098,8.5934,0.04470000000000596
2425,tickling,7.7559,-20.1035,0.06389999999998963
2426,tickling,6.1167,-12.9102,0.06069999999999709
2427,tickling,5.2604,15.606,0.084699999999998
2428,tickling,0.46829,-10.963,0.043100000000009686
2429,tickling,2.8953,70.3559,0.052700000000015734
2430,tickling,7.1526,-84.3354,0.09109999999998308
2431,tickling,2.4825,-49.8926,0.08150000000000546
2432,tickling,7.1357,62.9422,0.07499999999998863
2433,tickling,6.5899,-96.2161,0.09260000000000446
2434,tickling,2.3879,-54.7945,0.0671000000000106
2435,tickling,4.5591,45.8889,0.05269999999998731
2436,tickling,5.0947,14.4333,0.10869999999999891
2437,tickling,5.4417,13.7701,0.09900000000001796
2438,tickling,3.6203,-11.8907,0.07669999999998822
2439,tickling,5.9005,-26.4551,0.09590000000000032
2440,tickling,6.1764,-10.6421,0.1150000000000091
2441,tickling,2.6004,-2.4541,0.08619999999999095
2442,tickling,0.4111,-7.5303,0.08150000000000546
2443,tickling,6.0061,-5.8199,0.16779999999999973
2444,tickling,1.1874,-13.8148,0.05120000000002278
2445,tickling,4.5504,-5.6152,0.13579999999998904
2446,tickling,4.5268,-47.4778,0.04959999999999809
2447,tickling,5.2995,165.9497,0.023899999999969168
2448,tickling,3.3269,16.8897,0.0543999999999869
2449,tickling,4.1012,-49.7091,0.07029999999997472
2450,tickling,4.6987,-5.1145,0.09749999999996817
2451,tickling,4.839,32.3434,0.04629999999997381
2452,tickling,3.9251,67.3469,0.04950000000002319
2453,tickling,3.976,-37.4622,0.05269999999995889
2454,tickling,4.3707,-19.6911,0.03829999999999245
2455,tickling,0.46829,-81.0369,0.023899999999969168
2456,tickling,4.8088,3.7019,0.08150000000000546
2457,tickling,4.0615,-9.1179,0.04949999999996635
2458,tickling,4.1763,23.4983,0.0877999999999588
2459,tickling,4.4564,4.0977,0.06229999999999336
2460,tickling,4.3707,28.9889,0.06069999999999709
2461,tickling,4.7002,-13.2797,0.055900000000008276
2463,tickling,6.572,-83.2327,0.052700000000015734
2464,tickling,7.0581,-17.7656,0.11189999999999145
2465,tickling,6.0883,-31.4259,0.0654999999999859
2466,tickling,5.1394,-47.5983,0.10059999999998581
2467,tickling,5.2658,30.9815,0.09099999999995134
2468,tickling,5.0895,-52.3093,0.03840000000002419
2469,tickling,4.7318,-39.2135,0.11180000000001655
2470,tickling,4.4005,-38.3972,0.09430000000003247
2471,tickling,6.0528,-69.9495,0.084699999999998
2472,tickling,5.479,-25.4495,0.0654999999999859
2473,tickling,6.322,4.1059,0.12459999999998672
2474,tickling,4.9462,0.15555,0.04470000000003438
2475,tickling,5.3073,16.7713,0.044699999999977535
2476,tickling,4.7813,38.8822,0.05109999999996262
2477,tickling,8.0225,-23.711,0.07830000000001291
2478,tickling,5.6469,-35.7449,0.06550000000004275
2479,tickling,4.6751,24.6793,0.03190000000000737
2480,tickling,6.1309,-29.5539,0.06390000000004648
2481,tickling,3.7185,14.4257,0.08459999999996626
2482,tickling,0.3122,11.8301,0.03840000000002419
2483,tickling,6.014,45.0141,0.09910000000002128
2484,tickling,7.0542,-39.956,0.0654999999999859
2485,tickling,0.3122,-41.2987,0.04629999999997381
2486,tickling,5.1192,-11.7583,0.09740000000005011
2487,tickling,3.6341,4.5458,0.08940000000001191
2488,tickling,4.2813,15.2939,0.07349999999996726
2489,tickling,5.521,41.728,0.04789999999997008
2490,tickling,2.3415,-39.6271,0.043099999999981264
2491,tickling,1.6159,20.8122,0.05269999999995889
2492,tickling,4.6829,-29.6481,0.04480000000000928
2493,tickling,4.627,-17.1702,0.0654999999999859
2494,tickling,4.9834,-2.8522,0.0846000000000231
2495,tickling,5.6034,-73.1347,0.07030000000003156
2496,tickling,3.4312,-45.9847,0.06550000000004275
2497,tickling,3.3982,22.9299,0.06869999999997844
2498,tickling,5.4144,-35.4422,0.09429999999997563
2499,tickling,3.9024,56.4985,0.03680000000002792
2500,tickling,2.7541,1.7987,0.06229999999999336
2501,tickling,5.6195,-112.9183,0.07830000000001291
2502,tickling,5.1355,9.5427,0.05429999999995516
2503,tickling,5.244,-9.5418,0.07829999999995607
2504,tickling,6.1798,-41.1594,0.055999999999983174
2505,tickling,5.7139,-153.1458,0.044699999999977535
2506,tickling,3.5697,8.9141,0.03360000000003538
2507,tickling,5.5769,5.7313,0.07670000000001664
2508,tickling,5.8061,-139.851,0.02559999999999718
2509,tickling,4.1685,-16.4554,0.028800000000046566
2510,tickling,5.6344,-81.1696,0.020800000000008367
2511,tickling,5.6195,43.796,0.07670000000001664
2512,tickling,5.2628,-8.0691,0.07510000000002037
2513,tickling,6.8037,60.7558,0.084699999999998
2514,tickling,9.379,10.1775,0.16289999999997917
2515,tickling,0.3122,13.6604,0.04640000000000555
2516,tickling,4.8186,-10.087,0.06709999999998217
2517,tickling,4.6008,-1.2906,0.07820000000003802
2518,tickling,4.3707,-39.7231,0.06710000000003902
2519,tickling,9.0156,48.083,0.13900000000001
2521,tickling,6.3578,4.2258,0.09110000000003993
2522,tickling,5.6757,37.5847,0.08620000000001937
2523,tickling,7.2091,39.4331,0.06229999999999336
2524,tickling,5.0542,-44.236,0.06229999999999336
2525,tickling,3.9024,-60.5453,0.04959999999999809
2526,tickling,4.5829,19.8987,0.03680000000002792
2527,tickling,4.2181,-22.1084,0.07349999999996726
2528,tickling,6.0667,-41.8571,0.126199999999983
2529,tickling,5.8558,-29.9406,0.14699999999999136
2530,tickling,3.4341,47.8522,0.052700000000015734
2531,tickling,5.0683,22.5452,0.07190000000002783
2532,tickling,9.0598,9.8873,0.12940000000003238
2533,tickling,2.587,-29.0391,0.04950000000002319
2534,tickling,1.5831,-14.3336,0.05109999999996262
2535,tickling,4.0585,22.9099,0.044699999999977535
2536,tickling,0.3122,-54.2266,0.043099999999981264
2537,tickling,4.3707,56.1261,0.06229999999999336
2538,tickling,4.2531,10.3367,0.08940000000001191
2539,tickling,4.9393,79.6481,0.05589999999995143
2540,tickling,5.0648,-0.69523,0.10710000000000264
2541,tickling,4.0585,93.3724,0.04480000000000928
2542,tickling,4.9144,-34.9626,0.09429999999997563
2543,tickling,5.1316,-27.0308,0.07990000000000919
2544,tickling,0.3122,-9.6637,0.0654999999999859
2545,tickling,5.0442,-16.665,0.12779999999997926
2546,tickling,4.9462,-23.6625,0.05910000000000082
2547,tickling,5.0019,-8.065,0.11979999999999791
2548,tickling,2.8676,-16.0994,0.06709999999998217
2549,tickling,2.6731,-18.7502,0.09420000000000073
2550,tickling,4.3305,0.96356,0.11339999999999861
2551,tickling,4.048,-49.9806,0.07029999999999603
2552,tickling,2.2725,-39.234,0.08950000000000102
2553,tickling,4.7319,-87.7763,0.07990000000000208
2554,tickling,4.586,87.6655,0.06709999999999638
2555,tickling,4.8299,-33.5854,0.0782000000000096
2556,tickling,5.7676,-20.178,0.07349999999999568
2557,tickling,2.5259,-5.3896,0.04959999999999809
2558,tickling,4.801,-52.9112,0.07030000000000314
2559,tickling,4.3118,-54.1709,0.05750000000000455
2560,tickling,3.1362,-31.8551,0.07509999999999195
2561,tickling,3.3446,-9.2213,0.10869999999999891
2562,tickling,5.4872,12.9738,0.05750000000000455
2563,tickling,5.3959,5.9736,0.1612999999999971
2564,tickling,3.7568,-8.013,0.08780000000000143
2565,tickling,5.6114,-4.9511,0.08309999999998752
2566,tickling,5.0311,23.3292,0.09590000000000032
2567,tickling,6.1184,-27.8464,0.14060000000000628
2568,tickling,9.3659,-1.3472,0.14699999999999136
2569,tickling,9.0537,-11.9959,0.13899999999998158
2570,tickling,8.2993,-19.6642,0.1039000000000101
2571,tickling,8.6381,17.653,0.06550000000001432
2572,tickling,4.9068,10.9018,0.07030000000000314
2573,tickling,5.2611,22.2462,0.11179999999998813
2574,tickling,3.7041,18.2693,0.084699999999998
2575,tickling,6.5738,44.2045,0.08629999999999427
2576,tickling,4.6815,-39.5601,0.07189999999999941
2577,tickling,6.2514,52.7359,0.06069999999999709
2578,tickling,6.2882,37.3866,0.10859999999999559
2579,tickling,4.8778,33.2084,0.13419999999999277
2580,tickling,4.6829,-50.3843,0.043100000000009686
2581,tickling,4.8791,-12.4055,0.15979999999998995
2582,tickling,3.1486,-2.6739,0.08629999999999427
2583,tickling,4.5425,-59.1401,0.07509999999999195
2584,tickling,4.5862,38.9035,0.0654999999999859
2585,tickling,6.8342,-49.4035,0.054300000000012005
2586,tickling,4.8233,-52.6254,0.055900000000008276
2587,tickling,4.3707,26.2957,0.054300000000012005
2588,tickling,5.0763,-20.7511,0.06869999999997844
2589,tickling,2.3077,-14.6429,0.055900000000008276
2590,tickling,4.0263,-44.4866,0.09590000000000032
2591,tickling,6.1971,31.884,0.09749999999999659
2592,tickling,4.7885,23.4757,0.08140000000000214
2593,tickling,8.0725,-13.7571,0.13740000000001373
2594,tickling,5.4253,27.6129,0.04959999999999809
2595,tickling,7.7653,-57.7109,0.0671000000000106
2596,tickling,3.9866,70.6122,0.08789999999999054
2597,tickling,5.757,-22.148,0.1039000000000101
2598,tickling,4.4104,-10.7765,0.11979999999999791
2599,tickling,5.287,1.549,0.10710000000000264
2600,tickling,4.7643,58.0031,0.05279999999999063
2601,tickling,4.3707,35.7511,0.06069999999999709
2602,tickling,6.2476,-1.3359,0.06389999999998963
2603,tickling,4.5255,26.9211,0.07670000000001664
2604,tickling,5.6554,-47.2057,0.07829999999995607
2605,tickling,5.2401,50.0128,0.08629999999999427
2606,tickling,5.9588,-7.7447,0.1039000000000101
2607,tickling,4.9715,-33.319,0.062300000000050204
2608,tickling,4.4748,-37.5519,0.06229999999999336
2609,tickling,6.6017,-45.5975,0.11820000000000164
2610,tickling,5.9386,-55.9087,0.12460000000004356
2611,tickling,5.2743,0.66314,0.1582000000000221
2612,tickling,4.2573,2.5483,0.14370000000002392
2613,tickling,4.4174,-8.6102,0.07509999999996353
2614,tickling,5.242,16.3534,0.14060000000000628
2615,tickling,4.5081,9.7677,0.13260000000002492
2616,tickling,5.0905,-5.6273,0.0654999999999859
2617,tickling,6.7986,36.861,0.1198999999999728
2618,tickling,5.3094,-47.16,0.12299999999999045
2619,tickling,5.0895,27.5378,0.06390000000004648
2620,tickling,8.7415,26.3572,0.08629999999999427
2621,tickling,9.3705,-26.3364,0.13260000000002492
2622,tickling,7.3343,-34.7859,0.07990000000000919
2623,tickling,4.2502,-46.2267,0.055900000000008276
2624,tickling,5.4385,6.7173,0.08150000000000546
2625,tickling,5.3818,16.5845,0.11019999999996344
2626,tickling,4.146,-34.6782,0.07509999999996353
2627,tickling,4.8428,-34.1248,0.084699999999998
2628,tickling,5.275,14.0962,0.15020000000004075
2629,tickling,9.3667,-12.2211,0.13419999999996435
2630,tickling,8.8641,4.8978,0.13900000000001
2631,tickling,8.728,23.2354,0.18849999999997635
2632,tickling,5.6571,10.4101,0.11820000000000164
2633,tickling,5.867,-56.19,0.054300000000012005
2634,tickling,8.4042,32.3364,0.10219999999998208
2635,tickling,8.4263,-32.088,0.11029999999999518
2636,tickling,5.2835,8.8131,0.11339999999995598
2637,tickling,1.3047,-19.7019,0.07830000000001291
2638,tickling,4.9046,24.418,0.0766999999999598
2639,tickling,4.5151,25.1914,0.084699999999998
2640,tickling,5.2973,3.4409,0.10220000000003893
2641,tickling,4.5251,-18.804,0.05910000000000082
2642,tickling,5.2072,35.5713,0.11979999999999791
2643,tickling,4.3707,38.5937,0.09260000000000446
2644,tickling,3.3181,-119.2272,0.05269999999995889
2645,tickling,1.7792,-30.3903,0.07509999999996353
2646,tickling,4.3707,10.537,0.07670000000001664
2647,tickling,6.6475,-18.2875,0.13900000000001
2648,tickling,4.878,-8.1181,0.12459999999998672
2649,tickling,2.3319,-66.4438,0.04789999999997008
2650,tickling,5.0323,-19.5764,0.11829999999997654
2651,tickling,4.4437,0.33689,0.12459999999998672
2652,tickling,4.8396,-33.3526,0.12940000000003238
2653,tickling,3.7463,-38.6966,0.044699999999977535
2654,tickling,4.0935,35.5633,0.08150000000000546
2655,tickling,4.6926,13.9989,0.09749999999996817
2656,tickling,5.4644,18.5808,0.06709999999998217
2657,tickling,5.0216,52.1394,0.08949999999998681
2658,tickling,5.307,-29.4495,0.06870000000003529
2660,tickling,4.1992,-257.949,0.05269999999998731
2661,tickling,4.4701,48.7914,0.06550000000001432
2663,tickling,7.2258,39.4233,0.16139999999998622
2665,tickling,5.7065,-52.6592,0.0782000000000096
2666,tickling,4.881,58.9808,0.05750000000000455
2667,tickling,4.9951,-22.8647,0.05119999999999436
2669,tickling,3.6142,22.715,0.06230000000002178
2670,tickling,4.9623,-5.7152,0.07030000000000314
2671,tickling,1.6946,-42.0522,0.07509999999999195
2672,tickling,4.652,-25.7913,0.07509999999999195
2674,tickling,4.713,47.0907,0.07189999999999941
2675,tickling,4.6084,-3.5322,0.05109999999999104
2676,tickling,4.6412,79.743,0.055999999999983174
2677,tickling,8.5955,0.57473,0.09270000000000778
2678,tickling,4.6829,47.3852,0.10389999999998167
2679,tickling,4.3054,28.9612,0.07189999999999941
2680,tickling,0.3122,-46.4849,0.043200000000013006
2681,tickling,7.4887,5.5472,0.06229999999999336
2682,tickling,5.0743,-59.4683,0.07509999999999195
2683,tickling,5.0678,-49.5932,0.10069999999998913
2684,tickling,0.3703,-26.9881,0.06229999999999336
2685,tickling,0.3122,28.0258,0.03350000000000364
2686,tickling,4.7879,-35.9764,0.08150000000000546
2687,tickling,2.5749,-93.5516,0.06069999999999709
2688,tickling,4.3707,-27.9276,0.06069999999999709
2689,tickling,4.5995,-38.1826,0.11189999999999145
2690,tickling,6.9574,-49.9327,0.07830000000001291
2691,tickling,6.0963,-9.5831,0.05750000000000455
2692,tickling,3.122,-17.6498,0.04630000000000223
2693,tickling,8.3647,5.0698,0.06069999999999709
2694,tickling,8.6217,-78.5829,0.06229999999999336
2695,tickling,4.3707,-9.4769,0.06390000000001805
2696,tickling,3.122,-48.1507,0.05760000000000787
2697,tickling,5.0491,-39.6351,0.07989999999998076
2698,tickling,8.1171,-97.5386,0.03360000000000696
2699,tickling,7.3793,-26.2614,0.0478999999999985
2700,tickling,8.4215,169.212,0.05910000000000082
2701,tickling,5.3268,18.787,0.07669999999998822
2702,tickling,4.4251,-4.7267,0.15339999999997644
2703,tickling,6.305,-14.9121,0.09739999999999327
2704,tickling,7.7304,3.5633,0.07830000000001291
2705,tickling,6.7479,-98.1667,0.06550000000004275
2706,tickling,5.0528,-44.2458,0.07830000000001291
2707,tickling,4.3218,62.2414,0.04790000000002692
2708,tickling,3.4975,7.7637,0.11019999999996344
2709,tickling,0.3122,-23.9485,0.030300000000011096
2710,tickling,5.63,0.40641,0.06709999999998217
2711,tickling,6.7163,-15.5553,0.06560000000001764
2712,tickling,8.3162,35.5606,0.19500000000005002
2713,tickling,4.9362,20.2988,0.06869999999997844
2714,tickling,5.5199,41.6633,0.0654999999999859
2715,tickling,3.5072,27.9887,0.07190000000002783
2716,tickling,5.3398,41.3066,0.07030000000003156
2717,tickling,3.4844,23.748,0.0877999999999588
2718,tickling,4.5526,39.4414,0.07029999999997472
2719,tickling,5.994,77.5326,0.08150000000000546
2720,tickling,6.2439,-41.0976,0.04959999999999809
2721,tickling,10.9124,-58.554,0.0766999999999598
2722,tickling,1.8607,14.249,0.10549999999994952
2723,tickling,4.6365,49.3776,0.059199999999975716
2724,tickling,3.7556,-88.8982,0.05910000000000082
2725,tickling,4.634,-10.3788,0.041600000000016735
2726,tickling,9.1352,-0.19085,0.09110000000003993
2727,tickling,4.2531,-10.4344,0.06069999999999709
2728,tickling,8.7181,-25.7977,0.044699999999977535
2729,tickling,9.2787,27.4316,0.12779999999997926
2730,tickling,4.9514,6.3291,0.10550000000000637
2731,tickling,7.4997,28.5823,0.1039000000000101
2732,tickling,7.0368,91.0164,0.10219999999998208
2733,tickling,9.1301,3.6463,0.1309999999999718
2734,tickling,4.7803,46.0373,0.07820000000003802
2735,tickling,4.1912,76.132,0.07499999999998863
2736,tickling,2.3415,60.6858,0.03360000000003538
2737,tickling,6.1902,-78.2387,0.04790000000002692
2739,tickling,5.0382,-1.5846,0.06069999999999709
2740,tickling,4.8339,29.725,0.07030000000003156
2741,tickling,5.8616,65.475,0.04789999999997008
2742,tickling,4.8192,16.068,0.0624000000000251
2743,tickling,4.1941,6.2662,0.055900000000008276
2744,tickling,4.5829,19.9656,0.036700000000003286
2745,tickling,4.7502,-4.4308,0.0910999999999973
2746,tickling,4.5318,6.1789,0.03509999999999991
2747,tickling,5.241,-11.921,0.09590000000000032
2748,tickling,5.4314,-6.7981,0.10379999999999256
2749,tickling,1.8167,20.5121,0.05270000000000152
2750,tickling,3.4047,7.1822,0.09430000000000405
2751,tickling,1.3022,-42.0654,0.09429999999998984
2752,tickling,4.4906,-26.9726,0.04800000000000182
2753,tickling,4.204,6.2798,0.03999999999999204
2754,tickling,4.707,65.4045,0.06069999999999709
2755,tickling,3.2751,-17.1462,0.16929999999999268
2756,tickling,0.3122,-7.5284e-16,0.06869999999999266
2757,tickling,0.70425,-14.0751,0.06869999999999266
2758,tickling,0.9802,-11.1302,0.07349999999999568
2759,tickling,6.4993,-1.6481,0.17419999999999902
2760,tickling,3.532,-40.2668,0.07029999999998893
2761,tickling,5.3256,-3.2967,0.10060000000000002
2762,tickling,5.8898,-43.7965,0.09909999999999286
2763,tickling,6.5406,-38.7337,0.0910999999999973
2764,tickling,4.9259,-23.4572,0.05120000000000857
2765,tickling,4.0585,-19.7299,0.08629999999999427
2766,tickling,4.9768,-66.4331,0.11829999999999075
2767,tickling,5.3979,-16.5983,0.10539999999998884
2768,tickling,5.6485,51.2238,0.08310000000000173
2769,tickling,5.55,16.8529,0.09580000000001121
2770,tickling,5.0489,-21.2791,0.07669999999998822
2771,tickling,4.9019,-8.809,0.055900000000008276
2772,tickling,4.5032,0.54059,0.09749999999999659
2773,tickling,3.122,49.9378,0.04640000000000555
2774,tickling,3.9102,-8.0384,0.06389999999998963
2775,tickling,7.3457,8.8971,0.11179999999998813
2776,tickling,2.9398,-8.7666,0.13579999999998904
2777,tickling,0.40403,-14.1936,0.08150000000000546
2778,tickling,4.0585,-21.4332,0.06080000000000041
2779,tickling,5.5879,-32.2537,0.12620000000001141
2780,tickling,4.9592,-48.2409,0.09269999999997935
2781,tickling,2.0677,-33.8659,0.09909999999999286
2782,tickling,1.8085,30.7038,0.06229999999999336
2783,tickling,7.1831,-9.3246,0.05119999999999436
2784,tickling,6.0495,15.1525,0.10069999999998913
2785,tickling,4.1685,47.7019,0.030399999999985994
2786,tickling,2.4151,-11.2288,0.07669999999998822
2787,tickling,1.6647,39.0875,0.06069999999999709
2788,tickling,5.189,0.48949,0.19650000000001455
2789,tickling,6.2792,-5.4297,0.210899999999981
2790,tickling,5.1966,28.4886,0.09420000000000073
2791,tickling,4.6613,-1.0359,0.13579999999998904
2792,tickling,4.6613,-1.0359,0.13579999999998904
2793,tickling,5.4215,-33.4736,0.07669999999998822
2795,tickling,4.7412,-68.6834,0.055900000000008276
2796,tickling,4.2076,-43.4343,0.07349999999999568
2797,tickling,2.3097,57.2104,0.0478999999999985
2798,tickling,5.7958,54.3571,0.10380000000000678
2799,tickling,1.0458,-35.1426,0.09260000000000446
2800,tickling,0.3122,18.9434,0.06389999999998963
2801,tickling,7.4929,-16.8347,0.10859999999999559
2802,tickling,3.7539,17.944,0.06870000000000687
2803,tickling,0.3122,-24.7068,0.043100000000009686
2804,tickling,5.8142,8.9404,0.11820000000000164
2805,tickling,4.6932,-14.0245,0.10060000000001423
2806,tickling,5.5018,-20.2166,0.15980000000001837
2807,tickling,0.3122,-7.3669e-16,0.054299999999983584
2808,tickling,5.3179,27.7226,0.18530000000001223
2809,tickling,4.6829,-28.4329,0.07189999999999941
2810,tickling,4.6829,-7.6081,0.07349999999999568
2811,tickling,3.8403,-57.0515,0.07189999999999941
2812,tickling,2.957,-50.7224,0.06869999999997844
2813,tickling,4.0347,-28.0421,0.095799999999997
2814,tickling,3.1256,-26.486,0.09270000000000778
2815,tickling,0.3122,-1.2027e-15,0.06069999999999709
2816,tickling,5.2147,57.3195,0.05750000000000455
2817,tickling,4.6281,-35.8874,0.10699999999999932
2818,tickling,2.9451,30.8514,0.09909999999999286
2819,tickling,2.337,-20.4182,0.08789999999999054
2820,tickling,0.3122,-1.4127e-15,0.06709999999998217
2821,tickling,0.87057,2.6684,0.07349999999999568
2822,tickling,0.3122,-74.9269,0.06229999999999336
2823,tickling,4.0017,-1.6614,0.12780000000000769
2824,tickling,4.4807,16.9921,0.13100000000000023
2825,tickling,4.7461,-12.1328,0.21410000000000196
2826,tickling,4.4724,28.5772,0.12139999999999418
2828,tickling,5.3838,-9.5773,0.11979999999999791
2829,tickling,4.0947,-36.4591,0.08619999999999095
2830,tickling,0.3122,-2.2087,0.05269999999998731
2831,tickling,2.0945,-58.3551,0.04949999999999477
2832,tickling,0.46829,-5.3525,0.03669999999999618
2833,tickling,0.66322,-11.6204,0.0654999999999859
2834,tickling,5.1192,-5.145,0.06709999999998217
2835,tickling,4.9534,-15.0275,0.09420000000000073
2836,tickling,0.93659,-46.7644,0.041600000000016735
2837,tickling,4.6657,-5.0657,0.199799999999982
2838,tickling,4.2009,-12.5191,0.127900000000011
2839,tickling,4.8748,-2.1787,0.17570000000000618
2840,tickling,4.2806,-5.2176,0.10230000000001382
2841,tickling,4.6198,-15.2554,0.14219999999997412
2842,tickling,2.9465,-12.9207,0.07669999999998822
2844,tickling,4.2339,13.4894,0.09259999999994761
2846,tickling,4.8646,-53.2533,0.08150000000000546
2847,tickling,3.8244,-123.2504,0.05750000000000455
2848,tickling,0.3122,-31.8825,0.07030000000003156
2849,tickling,6.4943,-39.7831,0.11820000000000164
2850,tickling,0.3122,30.4532,0.03190000000000737
2851,tickling,7.8566,-21.6858,0.169399999999996
2852,tickling,5.4657,-21.8629,0.17570000000000618
2853,tickling,7.0931,32.3729,0.06069999999999709
2857,tickling,5.4435,8.5952,0.17409999999995307
2858,tickling,0.3122,-33.9335,0.06069999999999709
2859,tickling,2.4655,-26.4474,0.12630000000001473
2860,tickling,4.8977,25.0396,0.07990000000000919
2861,tickling,5.2021,-4.2122,0.23490000000003874
2864,tickling,1.9502,16.5063,0.05750000000000455
2866,tickling,2.1955,-3.7188,0.054300000000012005
2867,tickling,0.57805,-34.0157,0.07830000000001291
2868,tickling,3.7463,24.7792,0.04630000000003065
2869,tickling,1.2356,4.0589,0.05910000000000082
2870,tickling,4.755,-20.2416,0.1342000000000212
2871,tickling,3.6631,-27.0787,0.16299999999995407
2872,tickling,2.2817,-29.3448,0.13259999999996808
2873,tickling,4.6646,7.7838,0.12459999999998672
2874,tickling,4.3704,0.68141,0.10379999999997835
2875,tickling,4.6829,21.2145,0.04629999999997381
2876,tickling,3.7789,-5.9398,0.13579999999996062
2877,tickling,4.2169,27.9305,0.09420000000000073
2878,tickling,4.7972,33.7306,0.10379999999997835
2880,tickling,4.8911,-18.1647,0.13100000000002865
2881,tickling,6.7248,4.6004,0.13580000000001746
2882,tickling,4.8215,-33.6911,0.18060000000002674
2883,tickling,4.8781,-0.85163,0.12460000000004356
2884,tickling,3.122,-90.1588,0.06239999999996826
2885,tickling,0.3122,-144.9695,0.03989999999998872
2886,tickling,4.8423,9.606,0.2381000000000313
2887,tickling,8.0556,21.5041,0.14210000000002765
2888,tickling,8.5236,21.0641,0.13100000000002865
2889,tickling,5.6943,-2.6063,0.08789999999999054
2890,tickling,4.7858,-24.9349,0.20289999999999964
2891,tickling,2.4299,-14.7789,0.0927000000000362
2892,tickling,5.2859,17.152,0.095799999999997
2893,tickling,6.1014,4.7777,0.13579999999996062
2894,tickling,4.1375,-36.8845,0.09420000000000073
2895,tickling,4.8604,18.5524,0.10219999999998208
2896,tickling,3.7379,0.97618,0.06709999999998217
2897,tickling,4.0123,32.6149,0.06229999999999336
2898,tickling,4.8519,-3.0065,0.10710000000000264
2899,tickling,5.5474,-5.9333,0.19489999999996144
2900,tickling,5.1356,-2.0538,0.14060000000000628
2901,tickling,5.1014,19.3802,0.11660000000000537
2902,tickling,4.8043,9.8422,0.12299999999999045
2903,tickling,4.3917,-58.1809,0.06389999999998963
2904,tickling,4.3665,-15.5308,0.14370000000002392
2905,tickling,0.59661,-32.5542,0.0543999999999869
2906,tickling,5.0102,-0.39938,0.1278000000000361
2907,tickling,4.9277,10.4672,0.1039000000000101
2908,tickling,5.1143,14.7273,0.09269999999997935
2909,tickling,4.2642,-3.7764,0.12939999999997553
2910,tickling,5.2522,18.0608,0.10540000000003147
2911,tickling,6.9688,0.69661,0.1885000000000332
2912,tickling,4.6775,-25.4036,0.054299999999997794
2913,tickling,6.2183,24.3036,0.07189999999999941
2914,tickling,5.3461,17.4286,0.10859999999999559
2915,tickling,4.6829,-4.5456,0.043099999999995475
2916,tickling,4.7882,29.2903,0.13419999999999277
2917,tickling,4.3707,-62.2965,0.09900000000000375
2918,tickling,4.5064,-40.7336,0.07509999999999195
2919,tickling,2.6309,39.9815,0.09100000000000819
2920,tickling,4.4553,48.5465,0.04949999999999477
2921,tickling,5.6642,71.4616,0.06870000000000687
2922,tickling,4.6425,12.362,0.12140000000000839
2923,tickling,5.0466,1.0312,0.13420000000000698
2924,tickling,0.46829,-31.338,0.043199999999998795
2925,tickling,3.3202,-84.5875,0.05270000000000152
2926,tickling,3.1863,3.0004,0.06869999999999266
2927,tickling,2.9553,49.5995,0.0478999999999985
2928,tickling,4.4373,-68.6985,0.06870000000000687
2929,tickling,4.9951,-12.2812,0.09899999999998954
2930,tickling,5.0335,5.9054,0.09100000000000819
2931,tickling,4.6729,-39.0557,0.08630000000002269
2932,tickling,3.3408,12.0192,0.1022999999999854
2933,tickling,4.4575,-7.101,0.09269999999997935
2934,tickling,4.7651,13.2516,0.10540000000000305
2935,tickling,4.5046,-27.9829,0.15819999999999368
2936,tickling,7.8049,-109.2777,0.06069999999999709
2937,tickling,4.9566,-3.7841,0.09430000000000405
2938,tickling,5.5447,-15.0527,0.09909999999999286
2939,tickling,5.8205,-14.6743,0.09109999999998308
2940,tickling,5.9327,-67.9163,0.11660000000000537
2941,tickling,6.3894,-64.7932,0.028699999999986403
2942,tickling,5.6656,-55.1102,0.06709999999998217
2943,tickling,4.9951,-114.0395,0.055900000000008276
2944,tickling,5.6271,-10.5809,0.11979999999999791
2945,tickling,6.879,-83.836,0.05110000000001946
2946,tickling,4.7703,22.8271,0.07990000000000919
2947,tickling,2.019,-15.1847,0.09900000000001796
2948,tickling,4.7773,14.3979,0.07670000000001664
2949,tickling,5.0485,-7.5785,0.10869999999999891
2950,tickling,4.3707,33.6633,0.054300000000012005
2951,tickling,4.8524,-14.268,0.09259999999997603
2953,tickling,4.7676,7.5425,0.09430000000000405
2954,tickling,4.7188,-101.6371,0.05109999999999104
2955,tickling,1.695,-14.9586,0.054300000000012005
2956,tickling,4.7981,-13.1805,0.1325999999999965
2957,tickling,4.3152,-3.1083,0.07670000000001664
2958,tickling,3.8968,-52.418,0.09429999999997563
2959,tickling,4.3638,-13.7394,0.05910000000000082
2960,tickling,3.1738,-58.1826,0.0782999999999845
2961,tickling,5.1086,-5.3618,0.08779999999998722
2962,tickling,2.5461,44.1575,0.0654999999999859
2963,tickling,1.2291,-89.0512,0.0782999999999845
2964,tickling,3.5073,27.3127,0.13100000000000023
2965,tickling,1.1231,-69.2707,0.04790000000002692
2966,tickling,0.3122,15.4521,0.06239999999999668
2967,tickling,4.6892,3.8918,0.10859999999999559
2968,tickling,2.4454,-20.4094,0.1103000000000236
2969,tickling,4.6284,0.33447,0.10859999999999559
2970,tickling,2.0853,-46.5126,0.10869999999999891
2971,tickling,0.3122,-9.3187e-16,0.06069999999999709
2972,tickling,4.1096,-17.1855,0.08949999999998681
2974,tickling,2.9315,-52.7774,0.054299999999983584
2975,tickling,5.5953,-35.9194,0.07669999999998822
2976,tickling,4.7407,68.6777,0.08149999999997704
2977,tickling,5.3188,-34.0131,0.08629999999999427
2978,tickling,2.1577,-29.2064,0.10869999999999891
2979,tickling,4.1493,55.3906,0.0830999999999733
2980,tickling,5.6092,3.432,0.15809999999999036
2981,tickling,6.2472,-66.5042,0.07030000000003156
2982,tickling,4.9951,10.5108,0.07670000000001664
2983,tickling,5.0919,-65.2887,0.084699999999998
2984,tickling,4.1845,-3.0344,0.07829999999995607
2985,tickling,1.9107,-66.3622,0.054300000000012005
2986,tickling,3.2874,-4.0621,0.11669999999998026
2987,tickling,4.767,5.1237,0.20769999999998845
2988,tickling,4.1493,4.581,0.10550000000000637
2989,tickling,7.5581,-17.9581,0.14060000000000628
2990,tickling,6.3353,3.1978,0.13259999999996808
2991,tickling,0.55038,-36.1308,0.09750000000002501
2992,tickling,4.5506,-13.5594,0.1484999999999559
2993,tickling,4.5295,9.0324,0.10860000000002401
2994,tickling,4.752,-47.05,0.07980000000003429
2995,tickling,5.6195,51.7865,0.08789999999999054
2996,tickling,4.6829,0.5337,0.11820000000000164
2997,tickling,5.7316,42.0099,0.10869999999999891
2998,tickling,5.1177,15.3931,0.09750000000002501
2999,tickling,4.1916,0.9107,0.06389999999998963
3000,tickling,3.8395,-31.2778,0.06709999999998217
3002,tickling,5.502,-72.2357,0.11980000000005475
3003,tickling,3.9681,-55.7072,0.12309999999996535
3004,tickling,3.3669,-21.2395,0.08940000000001191
3005,tickling,0.70595,12.4238,0.07670000000001664
3006,tickling,7.0502,28.9971,0.12459999999998672
3007,tickling,3.2302,-146.3631,0.05110000000001946
3008,tickling,2.6509,-34.8237,0.08789999999999054
3009,tickling,3.4213,49.2284,0.0654999999999859
3010,tickling,2.3516,47.5123,0.08619999999996253
3011,tickling,5.5683,17.5959,0.1069999999999709
3012,tickling,4.0923,6.9685,0.0958999999999719
3013,tickling,1.6,-12.4532,0.11510000000004084
3014,tickling,0.60007,30.1727,0.055900000000008276
3015,tickling,4.0798,-2.0892,0.14699999999999136
3016,tickling,5.0894,4.5593,0.09420000000000073
3017,tickling,2.9062,-14.8105,0.08629999999999427
3018,tickling,3.5748,-8.7824,0.08949999999998681
3019,tickling,4.8139,17.5173,0.09109999999998308
3020,tickling,5.1258,5.666,0.12459999999998672
3021,tickling,5.346,14.1975,0.11180000000001655
3022,tickling,4.1979,-14.1891,0.06069999999999709
3023,tickling,5.1507,-5.5897,0.11339999999995598
3024,tickling,5.4468,-10.669,0.1198999999999728
3025,tickling,6.5833,101.0909,0.05750000000000455
3026,tickling,6.1932,17.9438,0.11979999999999791
3027,tickling,5.4305,17.7306,0.11349999999998772
3028,tickling,5.2425,-12.9068,0.09749999999996817
3029,tickling,6.2439,5.323,0.10070000000001755
3030,tickling,5.5726,-27.0761,0.084699999999998
3031,tickling,5.422,0.65709,0.27480000000002747
3032,tickling,6.0602,2.6751,0.1645000000000323
3033,tickling,3.0705,-35.108,0.14379999999999882
3034,tickling,0.3122,-3.087e-16,0.07190000000002783
3035,tickling,3.2961,32.9399,0.11509999999998399
3036,tickling,0.97611,-21.4888,0.10539999999997463
3037,tickling,4.7218,-4.9025,0.1693000000000211
3038,tickling,5.3037,-5.905,0.21409999999997353
3039,tickling,0.9785,-68.7327,0.06080000000002883
3040,tickling,2.282,24.4839,0.11180000000001655
3041,tickling,5.7643,-3.2829,0.10060000000004266
3042,tickling,5.74,-16.4034,0.15980000000001837
3043,tickling,1.4036,-121.3562,0.07510000000002037
3044,tickling,5.0364,-3.5947,0.12459999999998672
3045,tickling,4.3266,-27.6338,0.08310000000000173
3046,tickling,5.1591,-31.2564,0.0877999999999588
3047,tickling,5.7316,8.4239,0.1150000000000091
3057,tickling,11.4353,-103.8537,0.0478999999999985
3059,tickling,6.6377,-340.1943,0.017500000000040927
3060,tickling,10.6012,-16.8972,0.033599999999978536
3071,tickling,9.5269,-64.5396,0.041600000000016735
3072,tickling,6.3754,-11.61,0.06869999999997844
3074,tickling,0.5655,6.9813e-16,0.030300000000011096
3075,tickling,10.8467,81.5514,0.028800000000046566
3079,tickling,17.2566,-147.8369,0.03669999999999618
3082,tickling,10.7445,54.7133,0.02719999999999345
3083,tickling,0.3122,1.3568e-15,0.04480000000000928
3084,tickling,10.9055,14.9367,0.05910000000000082
3085,tickling,10.3101,-260.9998,0.017600000000015825
3086,tickling,7.2337,31.6264,0.02559999999999718
3087,tickling,13.4339,-333.1035,0.02719999999999345
3088,tickling,8.4494,28.8247,0.1039000000000101
3762,tickling,0.3122,9.6717e-16,0.07349999999996726
687,conspecific,4.4932,22.7238,0.08309999999999995
688,conspecific,2.342,-44.0419,0.10070000000000068
689,conspecific,4.941,-51.9548,0.07349999999999923
690,conspecific,6.9301,10.0745,0.08940000000000037
691,conspecific,4.5761,33.8306,0.10389999999999944
694,conspecific,4.782,33.6236,0.09899999999999842
695,conspecific,5.3656,74.4394,0.07030000000000136
696,conspecific,4.1809,-1.5735,0.11029999999999873
697,conspecific,2.006,-28.2786,0.0879000000000012
698,conspecific,3.6401,-24.4385,0.09100000000000108
699,conspecific,5.5655,4.743,0.11980000000000146
700,conspecific,4.8478,1.3424,0.0990000000000002
701,conspecific,6.9489,12.5995,0.14059999999999917
702,conspecific,7.9883,-23.7113,0.1357999999999997
706,conspecific,4.9951,-41.4923,0.07509999999999906
707,conspecific,4.8655,0.10398,0.14699999999999847
708,conspecific,5.9404,34.86,0.09900000000000375
709,conspecific,10.8537,40.285,0.10699999999999932
710,conspecific,4.6162,-6.8435,0.07670000000000243
711,conspecific,4.2819,-73.6863,0.07349999999999568
712,conspecific,8.2213,16.6574,0.13580000000000325
713,conspecific,4.6829,-0.1678,0.11339999999999861
714,conspecific,6.8268,-40.8289,0.084699999999998
715,conspecific,4.3707,-30.2274,0.12780000000000769
716,conspecific,6.8447,30.8109,0.17570000000000618
717,conspecific,4.4127,21.3951,0.11979999999999791
718,conspecific,4.717,-22.3742,0.09269999999999357
721,conspecific,6.2804,-17.2404,0.10389999999999588
722,conspecific,4.955,13.4193,0.07349999999999568
723,conspecific,8.5477,-18.9638,0.07349999999999568
724,conspecific,6.2262,21.6114,0.08789999999999054
725,conspecific,9.0791,54.8714,0.11820000000000164
726,conspecific,4.7624,42.6791,0.07990000000000919
727,conspecific,4.3707,40.2491,0.06870000000000687
728,conspecific,6.4343,-25.3334,0.0782000000000096
729,conspecific,4.3707,2.1077e-17,0.12460000000001514
731,conspecific,6.1197,-5.3118,0.17420000000001323
732,conspecific,4.6091,19.1358,0.1325999999999965
733,conspecific,9.5641,20.4624,0.1693000000000211
734,conspecific,10.3994,1.1795,0.10699999999999932
736,conspecific,9.231,45.8411,0.17099999999999227
737,conspecific,5.1788,-28.476,0.1198999999999728
738,conspecific,4.6829,-2.0341,0.07349999999999568
739,conspecific,5.0775,-38.8383,0.06870000000000687
740,conspecific,4.8982,8.7343,0.13740000000001373
741,conspecific,6.1767,21.9742,0.08150000000000546
742,conspecific,4.254,48.1161,0.1022000000000105
743,conspecific,4.3707,-2.8958,0.15020000000001232
744,conspecific,4.3707,7.2688,0.15970000000001505
745,conspecific,4.5396,0.19471,0.08779999999998722
746,conspecific,4.9422,7.9258,0.08310000000000173
747,conspecific,4.5063,1.7954e-14,0.07669999999998822
748,conspecific,9.3663,26.0799,0.13260000000002492
749,conspecific,4.9951,-1.5149,0.10380000000000678
750,conspecific,4.3707,38.0255,0.10869999999999891
751,conspecific,4.4825,-29.9637,0.07669999999998822
752,conspecific,3.3882,-20.2462,0.09100000000000819
753,conspecific,4.9951,49.4295,0.10540000000000305
754,conspecific,5.6774,-21.2001,0.10540000000000305
755,conspecific,5.2526,56.3776,0.11820000000000164
756,conspecific,10.4258,-2.9968,0.12620000000001141
757,conspecific,7.0368,-9.3774,0.19649999999998613
758,conspecific,13.3323,10.2768,0.07030000000000314
759,conspecific,8.5622,29.699,0.10070000000001755
760,conspecific,9.9268,13.743,0.14220000000000255
761,conspecific,6.2565,30.7308,0.11510000000001241
762,conspecific,8.0656,92.2058,0.08149999999997704
763,conspecific,7.974,6.0333,0.10380000000000678
764,conspecific,8.2261,-14.7105,0.11350000000001614
765,conspecific,4.9951,59.311,0.12620000000001141
766,conspecific,8.3917,31.3454,0.10069999999998913
767,conspecific,4.7675,45.133,0.09749999999999659
768,conspecific,4.6637,61.904,0.08310000000000173
769,conspecific,2.93,-11.5845,0.11350000000001614
770,conspecific,4.8238,50.4663,0.1693000000000211
771,conspecific,4.7964,11.2085,0.1518000000000086
772,conspecific,9.5147,-2.2465,0.14379999999999882
773,conspecific,4.6283,14.0984,0.12620000000003984
774,conspecific,5.6195,11.8291,0.12139999999999418
775,conspecific,4.5811,-35.7489,0.08629999999999427
776,conspecific,6.6438,-0.73301,0.12139999999999418
777,conspecific,5.7515,18.1006,0.11020000000002028
778,conspecific,4.4632,-9.0174,0.11660000000000537
779,conspecific,5.3609,0.97503,0.11350000000004457
780,conspecific,11.509,43.9832,0.12459999999998672
781,conspecific,10.1014,2.297,0.24439999999998463
782,conspecific,9.9802,45.0019,0.17580000000003793
783,conspecific,6.2423,8.5661,0.0654999999999859
784,conspecific,5.6306,-24.4852,0.15500000000002956
785,conspecific,4.3708,1.5803,0.09899999999998954
786,conspecific,5.0087,-1.1818,0.17889999999999873
787,conspecific,4.2442,2.0693,0.12299999999999045
788,conspecific,7.9732,24.1586,0.13260000000002492
789,conspecific,10.2599,19.0602,0.19170000000002574
790,conspecific,4.5595,24.7534,0.12470000000001846
792,conspecific,4.6261,50.6051,0.08950000000004366
793,conspecific,5.2188,21.9121,0.11029999999993834
794,conspecific,7.103,2.8497,0.09749999999996817
795,conspecific,4.7684,1.9466,0.08310000000005857
796,conspecific,7.1463,31.118,0.08139999999991687
797,conspecific,6.2377,23.0272,0.12779999999997926
798,conspecific,5.9658,3.7612,0.11980000000005475
799,conspecific,4.5324,32.1587,0.11660000000006221
800,conspecific,7.5406,33.9087,0.18209999999999127
801,conspecific,8.6915,24.958,0.11660000000006221
802,conspecific,9.7262,15.9472,0.10069999999996071
1035,conspecific,0.5655,-9.7052,0.040000000000020464
1261,conspecific,14.7653,-48.6139,0.0735000000000241
